source,source_href,target,target_href,type,label,via
IP1,/nodes/IP1.html,ID3,/nodes/ID3.html,cites,D3,
IP1,/nodes/IP1.html,ID5,/nodes/ID5.html,cites,D5,
IP3,/nodes/IP3.html,IA5,/nodes/IA5.html,cites,A5,
IP3,/nodes/IP3.html,IA4,/nodes/IA4.html,cites,A4,
IP4,/nodes/IP4.html,IA1,/nodes/IA1.html,cites,A1,
IP4,/nodes/IP4.html,ID4,/nodes/ID4.html,cites,D4,
IP5,/nodes/IP5.html,IP4,/nodes/IP4.html,cites,P4,
IP5,/nodes/IP5.html,IP1,/nodes/IP1.html,cites,P1,
IP5,/nodes/IP5.html,IA6,/nodes/IA6.html,cites,A6,
IP5,/nodes/IP5.html,IP1,/nodes/IP1.html,cites,P1,/text/part0029_split_001.html#e2898
IP6,/nodes/IP6.html,IP5,/nodes/IP5.html,cites,P5,
IP6,/nodes/IP6.html,IP2,/nodes/IP2.html,cites,P2,
IP6,/nodes/IP6.html,IP3,/nodes/IP3.html,cites,P3,
IP6,/nodes/IP6.html,IP6,/nodes/IP6.html,cites,P6,
IP6,/nodes/IP6.html,IP3,/nodes/IP3.html,cites,P3,/text/part0029_split_001.html#e2900
IP7,/nodes/IP7.html,ID1,/nodes/ID1.html,cites,D1,
IP8,/nodes/IP8.html,IP7,/nodes/IP7.html,cites,P7,
IP8,/nodes/IP8.html,ID2,/nodes/ID2.html,cites,D2,
IP8,/nodes/IP8.html,IP7,/nodes/IP7.html,cites,P7,/text/part0029_split_001.html#e2911
IP10,/nodes/IP10.html,ID6,/nodes/ID6.html,cites,D6,
IP11,/nodes/IP11.html,IA7,/nodes/IA7.html,cites,A7,
IP12,/nodes/IP12.html,IP8,/nodes/IP8.html,cites,P8,
IP12,/nodes/IP12.html,IP10,/nodes/IP10.html,cites,P10,
IP13,/nodes/IP13.html,IP12,/nodes/IP12.html,cites,P12,
IP13,/nodes/IP13.html,IP11,/nodes/IP11.html,cites,P11,
IP13,/nodes/IP13.html,IP12,/nodes/IP12.html,cites,P12,/text/part0029_split_001.html#e2960
IP13,/nodes/IP13.html,IP11,/nodes/IP11.html,cites,P11,/text/part0029_split_001.html#page_417
IP15,/nodes/IP15.html,IP14,/nodes/IP14.html,cites,P14,
IP15,/nodes/IP15.html,IP13,/nodes/IP13.html,cites,P13C,
IP15,/nodes/IP15.html,IP13,/nodes/IP13.html,cites,P13C,/text/part0029_split_001.html#page_420
IP17,/nodes/IP17.html,IP16,/nodes/IP16.html,cites,P16,
IP17,/nodes/IP17.html,IP15,/nodes/IP15.html,cites,P15,
IP17,/nodes/IP17.html,IP17,/nodes/IP17.html,cites,P17,
IP17,/nodes/IP17.html,ID7,/nodes/ID7.html,cites,D7,
IP17,/nodes/IP17.html,IP15,/nodes/IP15.html,cites,P15,/text/part0029_split_001.html#e2972
IP17,/nodes/IP17.html,IP17,/nodes/IP17.html,cites,P17,/text/part0029_split_001.html#e3006
IP19,/nodes/IP19.html,ID8,/nodes/ID8.html,cites,D8,
IP19,/nodes/IP19.html,IP19,/nodes/IP19.html,cites,IP19,
IP20,/nodes/IP20.html,IP20,/nodes/IP20.html,cites,P20,
IP23,/nodes/IP23.html,IP21,/nodes/IP21.html,cites,P21,
IP23,/nodes/IP23.html,IP22,/nodes/IP22.html,cites,P22,
IP26,/nodes/IP26.html,IP25,/nodes/IP25.html,cites,P25,
IP27,/nodes/IP27.html,IA3,/nodes/IA3.html,cites,A3,
IP28,/nodes/IP28.html,IP26,/nodes/IP26.html,cites,P26,
IP28,/nodes/IP28.html,IP24,/nodes/IP24.html,cites,P24C,
IP28,/nodes/IP28.html,IP26,/nodes/IP26.html,cites,P26,/text/part0029_split_001.html#e3059
IP29,/nodes/IP29.html,IP28,/nodes/IP28.html,cites,P28,
IP29,/nodes/IP29.html,IP27,/nodes/IP27.html,cites,P27,
IP29,/nodes/IP29.html,IP28,/nodes/IP28.html,cites,P28,/text/part0029_split_001.html#e3063
IP31,/nodes/IP31.html,IP29,/nodes/IP29.html,cites,P29S,
IP32,/nodes/IP32.html,IP23,/nodes/IP23.html,cites,P23,
IP32,/nodes/IP32.html,IP23,/nodes/IP23.html,cites,P23,/text/part0029_split_001.html#e3047
IP35,/nodes/IP35.html,IP34,/nodes/IP34.html,cites,P34,
IP35,/nodes/IP35.html,IP34,/nodes/IP34.html,cites,P34,/text/part0029_split_001.html#e3121
IIA5,/nodes/IIA5.html,IIP13,/nodes/IIP13.html,cites,P13,
IIA5,/nodes/IIA5.html,IIP13,/nodes/IIP13.html,cites,P13,/text/part0029_split_001.html#e3259
IIP1,/nodes/IIP1.html,IID6,/nodes/IID6.html,cites,D6,
IIP3,/nodes/IIP3.html,IIP1,/nodes/IIP1.html,cites,P1,
IIP3,/nodes/IIP3.html,IP35,/nodes/IP35.html,cites,IP35,
IIP3,/nodes/IIP3.html,IIP16,/nodes/IIP16.html,cites,P16,
IIP3,/nodes/IIP3.html,IIP1,/nodes/IIP1.html,cites,P1,/text/part0029_split_001.html#e3189
IIP4,/nodes/IIP4.html,IP30,/nodes/IP30.html,cites,IP30,
IIP5,/nodes/IIP5.html,IIP3,/nodes/IIP3.html,cites,P3,
IIP5,/nodes/IIP5.html,IIP3,/nodes/IIP3.html,cites,P3,/text/part0029_split_001.html#e3195
IIP9,/nodes/IIP9.html,IIP8,/nodes/IIP8.html,cites,P8C,
IIP9,/nodes/IIP9.html,IIP6,/nodes/IIP6.html,cites,P6,
IIP9,/nodes/IIP9.html,IIP7,/nodes/IIP7.html,cites,P7,
IIP9,/nodes/IIP9.html,IIP9,/nodes/IIP9.html,cites,P9,
IIP9,/nodes/IIP9.html,IIP7,/nodes/IIP7.html,cites,P7,/text/part0029_split_001.html#e3212
IIP9,/nodes/IIP9.html,IIP9,/nodes/IIP9.html,cites,P9,/text/part0029_split_001.html#e3229
IIP10,/nodes/IIP10.html,IID2,/nodes/IID2.html,cites,D2,
IIP10,/nodes/IIP10.html,IIA1,/nodes/IIA1.html,cites,A1,
IIP10,/nodes/IIP10.html,IIP10,/nodes/IIP10.html,cites,P10,
IIP11,/nodes/IIP11.html,IIA2,/nodes/IIA2.html,cites,A2,
IIP11,/nodes/IIP11.html,IIA3,/nodes/IIA3.html,cites,A3,
IIP12,/nodes/IIP12.html,IIP11,/nodes/IIP11.html,cites,P11,
IIP13,/nodes/IIP13.html,IIA4,/nodes/IIA4.html,cites,A4,
IIP13,/nodes/IIP13.html,IP36,/nodes/IP36.html,cites,IP36,
IIP13,/nodes/IIP13.html,IIP12,/nodes/IIP12.html,cites,P12,
IIP13,/nodes/IIP13.html,IIA5,/nodes/IIA5.html,cites,A5,
IIP13,/nodes/IIP13.html,IID1,/nodes/IID1.html,cites,D1,
IIP18,/nodes/IIP18.html,IIP16,/nodes/IIP16.html,cites,P16,
IIP19,/nodes/IIP19.html,IIP9,/nodes/IIP9.html,cites,P9,
IIP19,/nodes/IIP19.html,IIP7,/nodes/IIP7.html,cites,P7,
IIP19,/nodes/IIP19.html,IIP11,/nodes/IIP11.html,cites,P11C,
IIP19,/nodes/IIP19.html,IIP9,/nodes/IIP9.html,cites,P9,/text/part0029_split_001.html#e3229
IIP19,/nodes/IIP19.html,IIP7,/nodes/IIP7.html,cites,P7,/text/part0029_split_001.html#e3212
IIP20,/nodes/IIP20.html,IIP1,/nodes/IIP1.html,cites,P1,
IIP20,/nodes/IIP20.html,IIP3,/nodes/IIP3.html,cites,P3,
IIP20,/nodes/IIP20.html,IIP1,/nodes/IIP1.html,cites,P1,/text/part0029_split_001.html#e3189
IIP20,/nodes/IIP20.html,IIP3,/nodes/IIP3.html,cites,P3,/text/part0029_split_001.html#e3195
IIP22,/nodes/IIP22.html,IIP20,/nodes/IIP20.html,cites,P20,
IIP22,/nodes/IIP22.html,IIP21,/nodes/IIP21.html,cites,P21,
IIP22,/nodes/IIP22.html,IIP20,/nodes/IIP20.html,cites,P20,/text/part0030.html#e3348
IIP22,/nodes/IIP22.html,IIP21,/nodes/IIP21.html,cites,P21,/text/part0030.html#e3351
IIP23,/nodes/IIP23.html,IIP19,/nodes/IIP19.html,cites,P19,
IIP23,/nodes/IIP23.html,IIP22,/nodes/IIP22.html,cites,P22,
IIP23,/nodes/IIP23.html,IIP19,/nodes/IIP19.html,cites,P19,/text/part0030.html#e3343
IIP23,/nodes/IIP23.html,IIP22,/nodes/IIP22.html,cites,P22,/text/part0030.html#e3356
IIP24,/nodes/IIP24.html,IIA1,/nodes/IIA1.html,cites,A1,
IIP26,/nodes/IIP26.html,IIP26,/nodes/IIP26.html,cites,P26,
IIP26,/nodes/IIP26.html,IIP25,/nodes/IIP25.html,cites,P25,
IIP26,/nodes/IIP26.html,IIP26,/nodes/IIP26.html,cites,P26,/text/part0030.html#e3372
IIP26,/nodes/IIP26.html,IIP25,/nodes/IIP25.html,cites,P25,/text/part0030.html#e3369
IIP28,/nodes/IIP28.html,IIP24,/nodes/IIP24.html,cites,P24,
IIP29,/nodes/IIP29.html,IIP27,/nodes/IIP27.html,cites,P27,
IIP29,/nodes/IIP29.html,IA6,/nodes/IA6.html,cites,IA6,
IIP29,/nodes/IIP29.html,IIP23,/nodes/IIP23.html,cites,P23,
IIP29,/nodes/IIP29.html,IIP29,/nodes/IIP29.html,cites,P29,
IIP29,/nodes/IIP29.html,IIP28,/nodes/IIP28.html,cites,P28,
IIP30,/nodes/IIP30.html,IP21,/nodes/IP21.html,cites,IP21,
IIP30,/nodes/IIP30.html,IP28,/nodes/IP28.html,cites,IP28,
IIP30,/nodes/IIP30.html,IP28,/nodes/IP28.html,cites,IP28,/text/part0029_split_001.html#e3063
IIP31,/nodes/IIP31.html,IIP30,/nodes/IIP30.html,cites,P30,
IIP31,/nodes/IIP31.html,IIP31,/nodes/IIP31.html,cites,P31,
IIP31,/nodes/IIP31.html,IP29,/nodes/IP29.html,cites,IP29,
IIP31,/nodes/IIP31.html,IIP31,/nodes/IIP31.html,cites,P31,/text/part0030.html#page_472
IIP33,/nodes/IIP33.html,IIP32,/nodes/IIP32.html,cites,P32,
IIP33,/nodes/IIP33.html,IP15,/nodes/IP15.html,cites,IP15,
IIP33,/nodes/IIP33.html,IP15,/nodes/IP15.html,cites,IP15,/text/part0029_split_001.html#e2972
IIP35,/nodes/IIP35.html,IIP33,/nodes/IIP33.html,cites,P33,
IIP35,/nodes/IIP35.html,IIP33,/nodes/IIP33.html,cites,P33,/text/part0030.html#e3402
IIP36,/nodes/IIP36.html,IIP6,/nodes/IIP6.html,cites,P6C,
IIP37,/nodes/IIP37.html,IID2,/nodes/IID2.html,cites,D2,
IIP38,/nodes/IIP38.html,IIP38,/nodes/IIP38.html,cites,P38,
IIP38,/nodes/IIP38.html,IIP38,/nodes/IIP38.html,cites,P38,/text/part0030.html#e3417
IIP40,/nodes/IIP40.html,IIP18,/nodes/IIP18.html,cites,P18,
IIP40,/nodes/IIP40.html,IIP39,/nodes/IIP39.html,cites,P39,
IIP40,/nodes/IIP40.html,IIP40,/nodes/IIP40.html,cites,P40,
IIP40,/nodes/IIP40.html,IIP39,/nodes/IIP39.html,cites,P39,/text/part0030.html#e3422
IIP41,/nodes/IIP41.html,IIP35,/nodes/IIP35.html,cites,P35,
IIP41,/nodes/IIP41.html,IIP34,/nodes/IIP34.html,cites,P34,
IIP41,/nodes/IIP41.html,IIP34,/nodes/IIP34.html,cites,P34,/text/part0030.html#e3404
IIP44,/nodes/IIP44.html,IIP41,/nodes/IIP41.html,cites,P41,
IIP44,/nodes/IIP44.html,IIP44,/nodes/IIP44.html,cites,P44,
IIP44,/nodes/IIP44.html,IP16,/nodes/IP16.html,cites,IP16,
IIP44,/nodes/IIP44.html,IIP37,/nodes/IIP37.html,cites,P37,
IIP44,/nodes/IIP44.html,IIP44,/nodes/IIP44.html,cites,P44,/text/part0030.html#e3465
IIP44,/nodes/IIP44.html,IIP37,/nodes/IIP37.html,cites,P37,/text/part0030.html#e3415
IIP45,/nodes/IIP45.html,IIP8,/nodes/IIP8.html,cites,P8C,
IIP45,/nodes/IIP45.html,IA4,/nodes/IA4.html,cites,IA4,
IIP45,/nodes/IIP45.html,ID6,/nodes/ID6.html,cites,ID6,
IIP45,/nodes/IIP45.html,IP24,/nodes/IP24.html,cites,IP24C,
IIP46,/nodes/IIP46.html,IIP45,/nodes/IIP45.html,cites,P45,
IIP46,/nodes/IIP46.html,IIP45,/nodes/IIP45.html,cites,P45,/text/part0030.html#e3478
IIP47,/nodes/IIP47.html,IIP46,/nodes/IIP46.html,cites,P46,
IIP47,/nodes/IIP47.html,IIP46,/nodes/IIP46.html,cites,P46,/text/part0030.html#e3483
IIP48,/nodes/IIP48.html,IID3,/nodes/IID3.html,cites,D3,
IIP49,/nodes/IIP49.html,IIP48,/nodes/IIP48.html,cites,P48,
IIP49,/nodes/IIP49.html,IIA3,/nodes/IIA3.html,cites,A3,
IIP49,/nodes/IIP49.html,IIP49,/nodes/IIP49.html,cites,P49,
IIP49,/nodes/IIP49.html,IIP43,/nodes/IIP43.html,cites,P43,
IIP49,/nodes/IIP49.html,IIP47,/nodes/IIP47.html,cites,P47S,
IIP49,/nodes/IIP49.html,IIP49,/nodes/IIP49.html,cites,P49,/text/part0030.html#e3502
IIID2,/nodes/IIID2.html,IIID1,/nodes/IIID1.html,cites,D1,
IIIP1,/nodes/IIIP1.html,IP36,/nodes/IP36.html,cites,IP36,
IIIP1,/nodes/IIIP1.html,IIID2,/nodes/IIID2.html,cites,D2,
IIIP2,/nodes/IIIP2.html,IID1,/nodes/IID1.html,cites,IID1,
IIIP3,/nodes/IIIP3.html,IIIP13,/nodes/IIIP13.html,cites,P13,
IIIP3,/nodes/IIIP3.html,IIP15,/nodes/IIP15.html,cites,IIP15,
IIIP3,/nodes/IIIP3.html,IIIP1,/nodes/IIIP1.html,cites,P1,
IIIP3,/nodes/IIIP3.html,IIIP13,/nodes/IIIP13.html,cites,P13,/text/part0030.html#e3645
IIIP5,/nodes/IIIP5.html,IIIP4,/nodes/IIIP4.html,cites,P4,
IIIP6,/nodes/IIIP6.html,IP25,/nodes/IP25.html,cites,IP25C,
IIIP6,/nodes/IIIP6.html,IP34,/nodes/IP34.html,cites,IP34,
IIIP6,/nodes/IIIP6.html,IIIP5,/nodes/IIIP5.html,cites,P5,
IIIP6,/nodes/IIIP6.html,IP34,/nodes/IP34.html,cites,IP34,/text/part0029_split_001.html#e3121
IIIP6,/nodes/IIIP6.html,IIIP5,/nodes/IIIP5.html,cites,P5,/text/part0030.html#e3612
IIIP7,/nodes/IIIP7.html,IIIP6,/nodes/IIIP6.html,cites,P6,
IIIP9,/nodes/IIIP9.html,IIIP3,/nodes/IIIP3.html,cites,P3,
IIIP9,/nodes/IIIP9.html,IIIP7,/nodes/IIIP7.html,cites,P7,
IIIP9,/nodes/IIIP9.html,IIIP8,/nodes/IIIP8.html,cites,P8,
IIIP9,/nodes/IIIP9.html,IIIP7,/nodes/IIIP7.html,cites,P7,/text/part0030.html#e3617
IIIP9,/nodes/IIIP9.html,IIIP8,/nodes/IIIP8.html,cites,P8,/text/part0030.html#e3619
IIIP11,/nodes/IIIP11.html,IIP14,/nodes/IIP14.html,cites,IIP14,
IIIP11,/nodes/IIIP11.html,IIIP9,/nodes/IIIP9.html,cites,P9S,
IIIP11,/nodes/IIIP11.html,IIIP10,/nodes/IIIP10.html,cites,P10,
IIIP11,/nodes/IIIP11.html,IIIP18,/nodes/IIIP18.html,cites,P18,
IIIP11,/nodes/IIIP11.html,IIIP9,/nodes/IIIP9.html,cites,P9S,/text/part0030.html#e3622
IIIP11,/nodes/IIIP11.html,IIIP10,/nodes/IIIP10.html,cites,P10,/text/part0030.html#e3628
IIIP11,/nodes/IIIP11.html,IIIP18,/nodes/IIIP18.html,cites,P18,/text/part0030.html#e3671
IIIP12,/nodes/IIIP12.html,IIIP11,/nodes/IIIP11.html,cites,P11,
IIIP13,/nodes/IIIP13.html,IIIP12,/nodes/IIIP12.html,cites,P12,
IIIP13,/nodes/IIIP13.html,IIIP12,/nodes/IIIP12.html,cites,P12,/text/part0030.html#page_502
IIIP14,/nodes/IIIP14.html,IIID3,/nodes/IIID3.html,cites,D3,
IIIP15,/nodes/IIIP15.html,IIIP14,/nodes/IIIP14.html,cites,P14,
IIIP15,/nodes/IIIP15.html,IIIP16,/nodes/IIIP16.html,cites,P16,
IIIP16,/nodes/IIIP16.html,IIIP15,/nodes/IIIP15.html,cites,P15,
IIIP16,/nodes/IIIP16.html,IIIP15,/nodes/IIIP15.html,cites,P15,/text/part0030.html#e3653
IIIP18,/nodes/IIIP18.html,IIIP17,/nodes/IIIP17.html,cites,P17C,
IIIP21,/nodes/IIIP21.html,IIIP19,/nodes/IIIP19.html,cites,P19,
IIIP22,/nodes/IIIP22.html,IIIP21,/nodes/IIIP21.html,cites,P21,
IIIP23,/nodes/IIIP23.html,IIIP20,/nodes/IIIP20.html,cites,P20,
IIIP23,/nodes/IIIP23.html,IIIP27,/nodes/IIIP27.html,cites,P27,
IIIP23,/nodes/IIIP23.html,IIIP20,/nodes/IIIP20.html,cites,P20,/text/part0030.html#e3683
IIIP23,/nodes/IIIP23.html,IIIP27,/nodes/IIIP27.html,cites,P27,/text/part0030.html#e3712
IIIP24,/nodes/IIIP24.html,IIIP22,/nodes/IIIP22.html,cites,P22,
IIIP24,/nodes/IIIP24.html,IIIP22,/nodes/IIIP22.html,cites,P22,/text/part0030.html#e3690
IIIP26,/nodes/IIIP26.html,IIIP23,/nodes/IIIP23.html,cites,P23,
IIIP26,/nodes/IIIP26.html,IIIP25,/nodes/IIIP25.html,cites,P25,
IIIP26,/nodes/IIIP26.html,IIIP25,/nodes/IIIP25.html,cites,P25,/text/part0030.html#e3704
IIIP29,/nodes/IIIP29.html,IIIP28,/nodes/IIIP28.html,cites,P28,
IIIP29,/nodes/IIIP29.html,IIIP28,/nodes/IIIP28.html,cites,P28,/text/part0030.html#e3724
IIIP32,/nodes/IIIP32.html,IIIP32,/nodes/IIIP32.html,cites,P32,
IIIP32,/nodes/IIIP32.html,IIIP12,/nodes/IIIP12.html,cites,P12,
IIIP32,/nodes/IIIP32.html,IIIP32,/nodes/IIIP32.html,cites,P32,/text/part0031.html#page_513
IIIP32,/nodes/IIIP32.html,IIIP12,/nodes/IIIP12.html,cites,P12,/text/part0030.html#page_502
IIIP34,/nodes/IIIP34.html,IIIP11,/nodes/IIIP11.html,cites,P11,
IIIP34,/nodes/IIIP34.html,IIIP30,/nodes/IIIP30.html,cites,P30,
IIIP34,/nodes/IIIP34.html,IIIP30,/nodes/IIIP30.html,cites,P30,/text/part0030.html#e3732
IIIP35,/nodes/IIIP35.html,IIIP34,/nodes/IIIP34.html,cites,P34,
IIIP35,/nodes/IIIP35.html,IIIP15,/nodes/IIIP15.html,cites,P15C,
IIIP35,/nodes/IIIP35.html,IIIP24,/nodes/IIIP24.html,cites,P24,
IIIP35,/nodes/IIIP35.html,IIIP34,/nodes/IIIP34.html,cites,P34,/text/part0031.html#e3751
IIIP35,/nodes/IIIP35.html,IIIP15,/nodes/IIIP15.html,cites,P15C,/text/part0030.html#e3653
IIIP35,/nodes/IIIP35.html,IIIP24,/nodes/IIIP24.html,cites,P24,/text/part0030.html#e3701
IIIP36,/nodes/IIIP36.html,IIIP36,/nodes/IIIP36.html,cites,P36,
IIIP36,/nodes/IIIP36.html,IIIP7,/nodes/IIIP7.html,cites,P7,
IIIP36,/nodes/IIIP36.html,IIIP5,/nodes/IIIP5.html,cites,P5,
IIIP36,/nodes/IIIP36.html,IIIP9,/nodes/IIIP9.html,cites,P9S,
IIIP36,/nodes/IIIP36.html,IIIP36,/nodes/IIIP36.html,cites,P36,/text/part0031.html#page_515
IIIP36,/nodes/IIIP36.html,IIIP7,/nodes/IIIP7.html,cites,P7,/text/part0030.html#e3617
IIIP36,/nodes/IIIP36.html,IIIP5,/nodes/IIIP5.html,cites,P5,/text/part0030.html#e3612
IIIP36,/nodes/IIIP36.html,IIIP9,/nodes/IIIP9.html,cites,P9S,/text/part0030.html#e3622
IIIP38,/nodes/IIIP38.html,IIIP21,/nodes/IIIP21.html,cites,P21,
IIIP40,/nodes/IIIP40.html,IIIP40,/nodes/IIIP40.html,cites,P40,
IIIP40,/nodes/IIIP40.html,IIIP26,/nodes/IIIP26.html,cites,P26,
IIIP40,/nodes/IIIP40.html,IIIP40,/nodes/IIIP40.html,cites,P40,/text/part0031.html#e3784
IIIP40,/nodes/IIIP40.html,IIIP26,/nodes/IIIP26.html,cites,P26,/text/part0030.html#e3707
IIIP42,/nodes/IIIP42.html,IIIP19,/nodes/IIIP19.html,cites,P19,
IIIP43,/nodes/IIIP43.html,IIIP41,/nodes/IIIP41.html,cites,P41,
IIIP43,/nodes/IIIP43.html,IIIP41,/nodes/IIIP41.html,cites,P41,/text/part0031.html#e3792
IIIP44,/nodes/IIIP44.html,IIIP38,/nodes/IIIP38.html,cites,P38,
IIIP44,/nodes/IIIP44.html,IIIP6,/nodes/IIIP6.html,cites,P6,
IIIP44,/nodes/IIIP44.html,IIIP38,/nodes/IIIP38.html,cites,P38,/text/part0031.html#e3770
IIIP46,/nodes/IIIP46.html,IIIP16,/nodes/IIIP16.html,cites,P16,
IIIP48,/nodes/IIIP48.html,ID7,/nodes/ID7.html,cites,ID7,
IIIP48,/nodes/IIIP48.html,IIIP48,/nodes/IIIP48.html,cites,P48,
IIIP48,/nodes/IIIP48.html,IIIP48,/nodes/IIIP48.html,cites,P48,/text/part0031.html#e3819
IIIP51,/nodes/IIIP51.html,IIA1,/nodes/IIA1.html,cites,IIA1,
IIIP52,/nodes/IIIP52.html,IIP18,/nodes/IIP18.html,cites,IIP18,
IIIP52,/nodes/IIIP52.html,IIIP18,/nodes/IIIP18.html,cites,P18S,
IIIP52,/nodes/IIIP52.html,IIIP18,/nodes/IIIP18.html,cites,P18S,/text/part0030.html#e3671
IIIP55,/nodes/IIIP55.html,IIIP54,/nodes/IIIP54.html,cites,P54,
IIIP55,/nodes/IIIP55.html,IIIP53,/nodes/IIIP53.html,cites,P53C,
IIIP55,/nodes/IIIP55.html,IIIP52,/nodes/IIIP52.html,cites,P52S,
IIIP55,/nodes/IIIP55.html,IIIP54,/nodes/IIIP54.html,cites,P54,/text/part0031.html#e3857
IIIP56,/nodes/IIIP56.html,IIIP1,/nodes/IIIP1.html,cites,P1,
IIIP56,/nodes/IIIP56.html,IIIP3,/nodes/IIIP3.html,cites,P3,
IIIP56,/nodes/IIIP56.html,IIP40,/nodes/IIP40.html,cites,IIP40S,
IIIP56,/nodes/IIIP56.html,IIIP56,/nodes/IIIP56.html,cites,P56,
IIIP56,/nodes/IIIP56.html,IIIP56,/nodes/IIIP56.html,cites,P56,/text/part0031.html#e3873
IIIP57,/nodes/IIIP57.html,IIIP57,/nodes/IIIP57.html,cites,P57,
IIIP57,/nodes/IIIP57.html,IIIP57,/nodes/IIIP57.html,cites,P57,/text/part0031.html#page_528
IIIP58,/nodes/IIIP58.html,IIP43,/nodes/IIP43.html,cites,IIP43,
IIIP59,/nodes/IIIP59.html,IIIP58,/nodes/IIIP58.html,cites,P58,
IIIP59,/nodes/IIIP59.html,IIP23,/nodes/IIP23.html,cites,IIP23,
IIIP59,/nodes/IIIP59.html,IIP48,/nodes/IIP48.html,cites,IIP48,
IIIP59,/nodes/IIIP59.html,IIIP20,/nodes/IIIP20.html,cites,P20,
IIIP59,/nodes/IIIP59.html,IIIP47,/nodes/IIIP47.html,cites,P47S,
IIIP59,/nodes/IIIP59.html,IIP31,/nodes/IIP31.html,cites,IIP31C,
IIIP59,/nodes/IIIP59.html,IIP49,/nodes/IIP49.html,cites,IIP49S,
IIIP59,/nodes/IIIP59.html,IIIP22,/nodes/IIIP22.html,cites,P22S,
IIIP59,/nodes/IIIP59.html,IIIP51,/nodes/IIIP51.html,cites,P51S,
IIIP59,/nodes/IIIP59.html,IIIP55,/nodes/IIIP55.html,cites,P55,
IIIP59,/nodes/IIIP59.html,IIP35,/nodes/IIP35.html,cites,IIP35S,
IIIP59,/nodes/IIIP59.html,IIP11,/nodes/IIP11.html,cites,IIP11,
IIIP59,/nodes/IIIP59.html,IP16,/nodes/IP16.html,cites,IP16,
IIIP59,/nodes/IIIP59.html,IID6,/nodes/IID6.html,cites,IID6,
IIIP59,/nodes/IIIP59.html,IIIP58,/nodes/IIIP58.html,cites,P58,/text/part0031.html#e3897
IIIP59,/nodes/IIIP59.html,IIIP20,/nodes/IIIP20.html,cites,P20,/text/part0030.html#e3683
IIIP59,/nodes/IIIP59.html,IIIP47,/nodes/IIIP47.html,cites,P47S,/text/part0031.html#e3813
IIIP59,/nodes/IIIP59.html,IIP31,/nodes/IIP31.html,cites,IIP31C,/text/part0030.html#page_472
IIIP59,/nodes/IIIP59.html,IIP49,/nodes/IIP49.html,cites,IIP49S,/text/part0030.html#e3502
IIIP59,/nodes/IIIP59.html,IIIP22,/nodes/IIIP22.html,cites,P22S,/text/part0030.html#e3690
IIIP59,/nodes/IIIP59.html,IIIP55,/nodes/IIIP55.html,cites,P55,/text/part0031.html#e3859
IVP1,/nodes/IVP1.html,IIP33,/nodes/IIP33.html,cites,IIP33,
IVP1,/nodes/IVP1.html,IIP32,/nodes/IIP32.html,cites,IIP32,
IVP1,/nodes/IVP1.html,IIIP4,/nodes/IIIP4.html,cites,IIIP4,
IVP1,/nodes/IVP1.html,IIP33,/nodes/IIP33.html,cites,IIP33,/text/part0030.html#e3402
IVP2,/nodes/IVP2.html,IIID2,/nodes/IIID2.html,cites,IIID2,
IVP2,/nodes/IVP2.html,IIID1,/nodes/IIID1.html,cites,IIID1,
IVP4,/nodes/IVP4.html,IP24,/nodes/IP24.html,cites,IP24C,
IVP4,/nodes/IVP4.html,IP34,/nodes/IP34.html,cites,IP34,
IVP4,/nodes/IVP4.html,IVP6,/nodes/IVP6.html,cites,P6,
IVP4,/nodes/IVP4.html,IVP3,/nodes/IVP3.html,cites,P3,
IVP4,/nodes/IVP4.html,IP21,/nodes/IP21.html,cites,IP21,
IVP4,/nodes/IVP4.html,IP34,/nodes/IP34.html,cites,IP34,/text/part0029_split_001.html#e3121
IVP4,/nodes/IVP4.html,IVP6,/nodes/IVP6.html,cites,P6,/text/part0031.html#page_550
IVP5,/nodes/IVP5.html,IVD2,/nodes/IVD2.html,cites,D2,
IVP5,/nodes/IVP5.html,IIP16,/nodes/IIP16.html,cites,IIP16,
IVP6,/nodes/IVP6.html,IVP5,/nodes/IVP5.html,cites,P5,
IVP6,/nodes/IVP6.html,IVP5,/nodes/IVP5.html,cites,P5,/text/part0031.html#e4071
IVP7,/nodes/IVP7.html,IIP6,/nodes/IIP6.html,cites,IIP6,
IVP7,/nodes/IVP7.html,IIP12,/nodes/IIP12.html,cites,IIP12,
IVP7,/nodes/IVP7.html,IVP7,/nodes/IVP7.html,cites,P7,
IVP8,/nodes/IVP8.html,IVD1,/nodes/IVD1.html,cites,D1,
IVP8,/nodes/IVP8.html,IIP22,/nodes/IIP22.html,cites,IIP22,
IVP8,/nodes/IVP8.html,IIP21,/nodes/IIP21.html,cites,IIP21,
IVP8,/nodes/IVP8.html,IIP22,/nodes/IIP22.html,cites,IIP22,/text/part0030.html#e3356
IVP8,/nodes/IVP8.html,IIP21,/nodes/IIP21.html,cites,IIP21,/text/part0030.html#e3351
IVP10,/nodes/IVP10.html,IVP9,/nodes/IVP9.html,cites,P9,
IVP10,/nodes/IVP10.html,IVD6,/nodes/IVD6.html,cites,D6,
IVP10,/nodes/IVP10.html,IVP9,/nodes/IVP9.html,cites,P9,/text/part0031.html#e4085
IVP12,/nodes/IVP12.html,IVD3,/nodes/IVD3.html,cites,D3,
IVP12,/nodes/IVP12.html,IVD4,/nodes/IVD4.html,cites,D4,
IVP12,/nodes/IVP12.html,IVP10,/nodes/IVP10.html,cites,P10,
IVP12,/nodes/IVP12.html,IVP12,/nodes/IVP12.html,cites,P12,
IVP13,/nodes/IVP13.html,IVP18,/nodes/IVP18.html,cites,P18S,
IVP14,/nodes/IVP14.html,IVP1,/nodes/IVP1.html,cites,P1,
IVP14,/nodes/IVP14.html,IVP8,/nodes/IVP8.html,cites,P8,
IVP14,/nodes/IVP14.html,IVP1,/nodes/IVP1.html,cites,P1,/text/part0031.html#e4050
IVP14,/nodes/IVP14.html,IVP8,/nodes/IVP8.html,cites,P8,/text/part0031.html#e4081
IVP16,/nodes/IVP16.html,IVP15,/nodes/IVP15.html,cites,P15,
IVP16,/nodes/IVP16.html,IVP15,/nodes/IVP15.html,cites,P15,/text/part0031.html#e4110
IVP18,/nodes/IVP18.html,IVD8,/nodes/IVD8.html,cites,D8,
IVP20,/nodes/IVP20.html,IIIP10,/nodes/IIIP10.html,cites,IIIP10,
IVP20,/nodes/IVP20.html,IIIP10,/nodes/IIIP10.html,cites,IIIP10,/text/part0030.html#e3628
IVP22,/nodes/IVP22.html,IVP22,/nodes/IVP22.html,cites,P22,
IVP22,/nodes/IVP22.html,IVP21,/nodes/IVP21.html,cites,P21,
IVP26,/nodes/IVP26.html,IVP25,/nodes/IVP25.html,cites,P25,
IVP27,/nodes/IVP27.html,IVP26,/nodes/IVP26.html,cites,P26,
IVP27,/nodes/IVP27.html,IIP41,/nodes/IIP41.html,cites,IIP41,
IVP27,/nodes/IVP27.html,IVP43,/nodes/IVP43.html,cites,P43,
IVP27,/nodes/IVP27.html,IVP43,/nodes/IVP43.html,cites,P43,/text/part0032.html#e4267
IVP28,/nodes/IVP28.html,ID6,/nodes/ID6.html,cites,ID6,
IVP28,/nodes/IVP28.html,IP15,/nodes/IP15.html,cites,IP15,
IVP28,/nodes/IVP28.html,IVP27,/nodes/IVP27.html,cites,P27,
IVP28,/nodes/IVP28.html,IVP23,/nodes/IVP23.html,cites,P23,
IVP28,/nodes/IVP28.html,IP15,/nodes/IP15.html,cites,IP15,/text/part0029_split_001.html#e2972
IVP28,/nodes/IVP28.html,IVP27,/nodes/IVP27.html,cites,P27,/text/part0031.html#e4165
IVP29,/nodes/IVP29.html,IIP10,/nodes/IIP10.html,cites,IIP10C,
IVP29,/nodes/IVP29.html,IP28,/nodes/IP28.html,cites,IP28,
IVP29,/nodes/IVP29.html,IP28,/nodes/IP28.html,cites,IP28,/text/part0029_split_001.html#e3063
IVP30,/nodes/IVP30.html,IVP8,/nodes/IVP8.html,cites,P8,
IVP30,/nodes/IVP30.html,IIIP11,/nodes/IIIP11.html,cites,IIIP11S,
IVP30,/nodes/IVP30.html,IIIP4,/nodes/IIIP4.html,cites,IIIP4,
IVP30,/nodes/IVP30.html,IIIP5,/nodes/IIIP5.html,cites,IIIP5,
IVP30,/nodes/IVP30.html,IVP8,/nodes/IVP8.html,cites,P8,/text/part0031.html#e4081
IVP30,/nodes/IVP30.html,IIIP5,/nodes/IIIP5.html,cites,IIIP5,/text/part0030.html#e3612
IVP31,/nodes/IVP31.html,IVP30,/nodes/IVP30.html,cites,P30,
IVP31,/nodes/IVP31.html,IIIP6,/nodes/IIIP6.html,cites,IIIP6,
IVP31,/nodes/IVP31.html,IVP29,/nodes/IVP29.html,cites,P29,
IVP31,/nodes/IVP31.html,IVP31,/nodes/IVP31.html,cites,P31,
IVP32,/nodes/IVP32.html,IIIP7,/nodes/IIIP7.html,cites,IIIP7,
IVP32,/nodes/IVP32.html,IIIP3,/nodes/IIIP3.html,cites,IIIP3S,
IVP32,/nodes/IVP32.html,IIIP7,/nodes/IIIP7.html,cites,IIIP7,/text/part0030.html#e3617
IVP33,/nodes/IVP33.html,IIID1,/nodes/IIID1.html,cites,IIID1,
IVP33,/nodes/IVP33.html,IVD2,/nodes/IVD2.html,cites,D2,
IVP33,/nodes/IVP33.html,IIIP56,/nodes/IIIP56.html,cites,IIIP56,
IVP33,/nodes/IVP33.html,IIIP51,/nodes/IIIP51.html,cites,IIIP51,
IVP33,/nodes/IVP33.html,IIIP56,/nodes/IIIP56.html,cites,IIIP56,/text/part0031.html#e3873
IVP34,/nodes/IVP34.html,IIIP16,/nodes/IIIP16.html,cites,IIIP16,
IVP34,/nodes/IVP34.html,IIIP32,/nodes/IIIP32.html,cites,IIIP32,
IVP34,/nodes/IVP34.html,IVP32,/nodes/IVP32.html,cites,P32S,
IVP34,/nodes/IVP34.html,IIIP55,/nodes/IIIP55.html,cites,IIIP55S,
IVP34,/nodes/IVP34.html,IIIP40,/nodes/IIIP40.html,cites,IIIP40,
IVP34,/nodes/IVP34.html,IVP40,/nodes/IVP40.html,cites,P40S,
IVP34,/nodes/IVP34.html,IIIP59,/nodes/IIIP59.html,cites,IIIP59,
IVP34,/nodes/IVP34.html,IIIP32,/nodes/IIIP32.html,cites,IIIP32,/text/part0031.html#page_513
IVP34,/nodes/IVP34.html,IVP32,/nodes/IVP32.html,cites,P32S,/text/part0032.html#e4185
IVP34,/nodes/IVP34.html,IIIP55,/nodes/IIIP55.html,cites,IIIP55S,/text/part0031.html#e3859
IVP34,/nodes/IVP34.html,IIIP40,/nodes/IIIP40.html,cites,IIIP40,/text/part0031.html#e3784
IVP34,/nodes/IVP34.html,IVP40,/nodes/IVP40.html,cites,P40S,/text/part0032.html#e4260
IVP35,/nodes/IVP35.html,IVP33,/nodes/IVP33.html,cites,P33,
IVP35,/nodes/IVP35.html,IVP34,/nodes/IVP34.html,cites,P34,
IVP35,/nodes/IVP35.html,IIID2,/nodes/IIID2.html,cites,IIID2,
IVP35,/nodes/IVP35.html,IVP19,/nodes/IVP19.html,cites,P19,
IVP35,/nodes/IVP35.html,IIP41,/nodes/IIP41.html,cites,IIP41,
IVP35,/nodes/IVP35.html,IVP35,/nodes/IVP35.html,cites,P35,
IVP35,/nodes/IVP35.html,IVP20,/nodes/IVP20.html,cites,P20,
IVP35,/nodes/IVP35.html,IVD8,/nodes/IVD8.html,cites,D8,
IVP35,/nodes/IVP35.html,IVP35,/nodes/IVP35.html,cites,P35,/text/part0032.html#e4201
IVP36,/nodes/IVP36.html,IVP24,/nodes/IVP24.html,cites,P24,
IVP36,/nodes/IVP36.html,IVP26,/nodes/IVP26.html,cites,P26,
IVP36,/nodes/IVP36.html,IVP28,/nodes/IVP28.html,cites,P28,
IVP36,/nodes/IVP36.html,IIP47,/nodes/IIP47.html,cites,IIP47,
IVP36,/nodes/IVP36.html,IVP47,/nodes/IVP47.html,cites,P47S,
IVP36,/nodes/IVP36.html,IVP47,/nodes/IVP47.html,cites,P47S,/text/part0032.html#e4293
IVP37,/nodes/IVP37.html,IIP11,/nodes/IIP11.html,cites,IIP11,
IVP37,/nodes/IVP37.html,IP15,/nodes/IP15.html,cites,IP15,
IVP37,/nodes/IVP37.html,IVP36,/nodes/IVP36.html,cites,P36,
IVP37,/nodes/IVP37.html,IVP18,/nodes/IVP18.html,cites,P18S,
IVP37,/nodes/IVP37.html,IIIP57,/nodes/IIIP57.html,cites,IIIP57S,
IVP37,/nodes/IVP37.html,IIIP29,/nodes/IIIP29.html,cites,IIIP29S,
IVP37,/nodes/IVP37.html,IIIP28,/nodes/IIIP28.html,cites,IIIP28,
IVP37,/nodes/IVP37.html,IVP4,/nodes/IVP4.html,cites,P4C,
IVP37,/nodes/IVP37.html,IVP6,/nodes/IVP6.html,cites,P6,
IVP37,/nodes/IVP37.html,IVP7,/nodes/IVP7.html,cites,P7,
IVP37,/nodes/IVP37.html,IVP17,/nodes/IVP17.html,cites,P17S,
IVP37,/nodes/IVP37.html,IP15,/nodes/IP15.html,cites,IP15,/text/part0029_split_001.html#e2972
IVP37,/nodes/IVP37.html,IVP36,/nodes/IVP36.html,cites,P36,/text/part0032.html#e4214
IVP37,/nodes/IVP37.html,IIIP57,/nodes/IIIP57.html,cites,IIIP57S,/text/part0031.html#page_528
IVP37,/nodes/IVP37.html,IIIP28,/nodes/IIIP28.html,cites,IIIP28,/text/part0030.html#e3724
IVP37,/nodes/IVP37.html,IVP6,/nodes/IVP6.html,cites,P6,/text/part0031.html#page_550
IVP37,/nodes/IVP37.html,IVP17,/nodes/IVP17.html,cites,P17S,/text/part0031.html#e4118
IVP38,/nodes/IVP38.html,IIP14,/nodes/IIP14.html,cites,IIP14,
IVP38,/nodes/IVP38.html,IVP27,/nodes/IVP27.html,cites,P27,
IVP38,/nodes/IVP38.html,IVP27,/nodes/IVP27.html,cites,P27,/text/part0031.html#e4165
IVP39,/nodes/IVP39.html,IVP38,/nodes/IVP38.html,cites,P38,
IVP39,/nodes/IVP39.html,IVP38,/nodes/IVP38.html,cites,P38,/text/part0032.html#e4248
IVP41,/nodes/IVP41.html,IVP11,/nodes/IVP11.html,cites,P11S,
IVP42,/nodes/IVP42.html,IVP39,/nodes/IVP39.html,cites,P39,
IVP42,/nodes/IVP42.html,IVP39,/nodes/IVP39.html,cites,P39,/text/part0032.html#e4251
IVP43,/nodes/IVP43.html,IVP41,/nodes/IVP41.html,cites,P41,
IVP43,/nodes/IVP43.html,IVP5,/nodes/IVP5.html,cites,P5,
IVP43,/nodes/IVP43.html,IVP3,/nodes/IVP3.html,cites,P3,
IVP43,/nodes/IVP43.html,IVP41,/nodes/IVP41.html,cites,P41,/text/part0032.html#e4262
IVP43,/nodes/IVP43.html,IVP5,/nodes/IVP5.html,cites,P5,/text/part0031.html#e4071
IVP44,/nodes/IVP44.html,IVP43,/nodes/IVP43.html,cites,P43,
IVP44,/nodes/IVP44.html,IVP43,/nodes/IVP43.html,cites,P43,/text/part0032.html#e4267
IVP45,/nodes/IVP45.html,IVP37,/nodes/IVP37.html,cites,P37,
IVP46,/nodes/IVP46.html,IIIP43,/nodes/IIIP43.html,cites,IIIP43,
IVP46,/nodes/IVP46.html,IIIP44,/nodes/IIIP44.html,cites,IIIP44,
IVP46,/nodes/IVP46.html,IIIP43,/nodes/IIIP43.html,cites,IIIP43,/text/part0031.html#e3801
IVP49,/nodes/IVP49.html,IIIP41,/nodes/IIIP41.html,cites,IIIP41S,
IVP49,/nodes/IVP49.html,IIIP25,/nodes/IIIP25.html,cites,IIIP25,
IVP49,/nodes/IVP49.html,IIIP41,/nodes/IIIP41.html,cites,IIIP41S,/text/part0031.html#e3792
IVP49,/nodes/IVP49.html,IIIP25,/nodes/IIIP25.html,cites,IIIP25,/text/part0030.html#e3704
IVP50,/nodes/IVP50.html,IIIP27,/nodes/IIIP27.html,cites,IIIP27,
IVP50,/nodes/IVP50.html,IIIP27,/nodes/IIIP27.html,cites,IIIP27,/text/part0030.html#e3712
IVP51,/nodes/IVP51.html,IVP45,/nodes/IVP45.html,cites,P45,
IVP52,/nodes/IVP52.html,IIP40,/nodes/IIP40.html,cites,IIP40,
IVP52,/nodes/IVP52.html,IVP25,/nodes/IVP25.html,cites,P25,
IVP52,/nodes/IVP52.html,IIIP53,/nodes/IIIP53.html,cites,IIIP53C,
IVP54,/nodes/IVP54.html,IVP53,/nodes/IVP53.html,cites,P53,
IVP56,/nodes/IVP56.html,IVP22,/nodes/IVP22.html,cites,P22C,
IVP56,/nodes/IVP56.html,IIP43,/nodes/IIP43.html,cites,IIP43,
IVP56,/nodes/IVP56.html,IVP55,/nodes/IVP55.html,cites,P55,
IVP57,/nodes/IVP57.html,IIIP13,/nodes/IIIP13.html,cites,IIIP13S,
IVP57,/nodes/IVP57.html,IIIP13,/nodes/IIIP13.html,cites,IIIP13S,/text/part0030.html#e3645
IVP58,/nodes/IVP58.html,IVP52,/nodes/IVP52.html,cites,P52S,
IVP58,/nodes/IVP58.html,IVP44,/nodes/IVP44.html,cites,P44S,
IVP58,/nodes/IVP58.html,IVP44,/nodes/IVP44.html,cites,P44S,/text/part0032.html#e4271
IVP60,/nodes/IVP60.html,IVP12,/nodes/IVP12.html,cites,P12,
IVP60,/nodes/IVP60.html,IVP9,/nodes/IVP9.html,cites,P9C,
IVP60,/nodes/IVP60.html,IVP9,/nodes/IVP9.html,cites,P9C,/text/part0031.html#e4085
IVP62,/nodes/IVP62.html,IID4,/nodes/IID4.html,cites,IID4,
IVP62,/nodes/IVP62.html,IIP31,/nodes/IIP31.html,cites,IIP31,
IVP62,/nodes/IVP62.html,IIP44,/nodes/IIP44.html,cites,IIP44S,
IVP62,/nodes/IVP62.html,IVP16,/nodes/IVP16.html,cites,P16,
IVP62,/nodes/IVP62.html,IIP31,/nodes/IIP31.html,cites,IIP31,/text/part0030.html#page_472
IVP62,/nodes/IVP62.html,IIP44,/nodes/IIP44.html,cites,IIP44S,/text/part0030.html#e3465
IVP63,/nodes/IVP63.html,IVP61,/nodes/IVP61.html,cites,P61,
IVP63,/nodes/IVP63.html,IVP61,/nodes/IVP61.html,cites,P61,/text/part0032.html#e4367
IVP64,/nodes/IVP64.html,IIP29,/nodes/IIP29.html,cites,IIP29,
IVP65,/nodes/IVP65.html,IVP63,/nodes/IVP63.html,cites,P63C,
IVP65,/nodes/IVP65.html,IVP63,/nodes/IVP63.html,cites,P63C,/text/part0032.html#e4378
IVP66,/nodes/IVP66.html,IVP62,/nodes/IVP62.html,cites,P62,
IVP66,/nodes/IVP66.html,IVP65,/nodes/IVP65.html,cites,P65,
IVP66,/nodes/IVP66.html,IVP66,/nodes/IVP66.html,cites,P66,
IVP66,/nodes/IVP66.html,IVP62,/nodes/IVP62.html,cites,P62,/text/part0032.html#e4370
IVP68,/nodes/IVP68.html,IVP64,/nodes/IVP64.html,cites,P64C,
IVP68,/nodes/IVP68.html,IVP64,/nodes/IVP64.html,cites,P64C,/text/part0032.html#e4385
IVP70,/nodes/IVP70.html,IIIP42,/nodes/IIIP42.html,cites,IIIP42,
IVP70,/nodes/IVP70.html,IIIP42,/nodes/IIIP42.html,cites,IIIP42,/text/part0031.html#e3798
IVP73,/nodes/IVP73.html,IVP46,/nodes/IVP46.html,cites,P46,
IVP73,/nodes/IVP73.html,IVP50,/nodes/IVP50.html,cites,P50S,
IVP73,/nodes/IVP73.html,IVP73,/nodes/IVP73.html,cites,P73S,
IVP73,/nodes/IVP73.html,IVP70,/nodes/IVP70.html,cites,P70S,
IVP73,/nodes/IVP73.html,IVP71,/nodes/IVP71.html,cites,P71S,
IVP73,/nodes/IVP73.html,IVP57,/nodes/IVP57.html,cites,P57S,
IVP73,/nodes/IVP73.html,IVP60,/nodes/IVP60.html,cites,P60S,
IVP73,/nodes/IVP73.html,IVP50,/nodes/IVP50.html,cites,P50S,/text/part0032.html#page_574
IVP73,/nodes/IVP73.html,IVP73,/nodes/IVP73.html,cites,P73S,/text/part0032.html#e4424
VP1,/nodes/VP1.html,IIP7,/nodes/IIP7.html,cites,IIP7,
VP1,/nodes/VP1.html,IIP6,/nodes/IIP6.html,cites,IIP6C,
VP1,/nodes/VP1.html,VP7,/nodes/VP7.html,cites,P7,
VP1,/nodes/VP1.html,IIP18,/nodes/IIP18.html,cites,IIP18,
VP1,/nodes/VP1.html,IIIP2,/nodes/IIIP2.html,cites,IIIP2,
VP1,/nodes/VP1.html,IIP7,/nodes/IIP7.html,cites,IIP7,/text/part0029_split_001.html#e3212
VP1,/nodes/VP1.html,IIIP2,/nodes/IIIP2.html,cites,IIIP2,/text/part0030.html#e3577
VP3,/nodes/VP3.html,IIP21,/nodes/IIP21.html,cites,IIP21,
VP3,/nodes/VP3.html,VP21,/nodes/VP21.html,cites,P21S,
VP3,/nodes/VP3.html,IIP21,/nodes/IIP21.html,cites,IIP21,/text/part0030.html#e3351
VP3,/nodes/VP3.html,VP21,/nodes/VP21.html,cites,P21S,/text/part0032.html#page_607
VP4,/nodes/VP4.html,IIP38,/nodes/IIP38.html,cites,IIP38,
VP4,/nodes/VP4.html,IIP12,/nodes/IIP12.html,cites,IIP12,
VP4,/nodes/VP4.html,VP4,/nodes/VP4.html,cites,P4,
VP4,/nodes/VP4.html,IP36,/nodes/IP36.html,cites,IP36,
VP4,/nodes/VP4.html,VP2,/nodes/VP2.html,cites,P2,
VP4,/nodes/VP4.html,VP37,/nodes/VP37.html,cites,P37,
VP4,/nodes/VP4.html,IVP59,/nodes/IVP59.html,cites,IVP59,
VP4,/nodes/VP4.html,IIP38,/nodes/IIP38.html,cites,IIP38,/text/part0030.html#e3417
VP4,/nodes/VP4.html,VP4,/nodes/VP4.html,cites,P4,/text/part0032.html#e4530
VP5,/nodes/VP5.html,IIP35,/nodes/IIP35.html,cites,IIP35S,
VP6,/nodes/VP6.html,IP29,/nodes/IP29.html,cites,IP29,
VP6,/nodes/VP6.html,IP28,/nodes/IP28.html,cites,IP28,
VP6,/nodes/VP6.html,VP5,/nodes/VP5.html,cites,P5,
VP6,/nodes/VP6.html,IIIP48,/nodes/IIIP48.html,cites,IIIP48,
VP6,/nodes/VP6.html,IP28,/nodes/IP28.html,cites,IP28,/text/part0029_split_001.html#e3063
VP6,/nodes/VP6.html,VP5,/nodes/VP5.html,cites,P5,/text/part0032.html#e4542
VP6,/nodes/VP6.html,IIIP48,/nodes/IIIP48.html,cites,IIIP48,/text/part0031.html#e3819
VP7,/nodes/VP7.html,IIP17,/nodes/IIP17.html,cites,IIP17,
VP7,/nodes/VP7.html,VA1,/nodes/VA1.html,cites,A1,
VP8,/nodes/VP8.html,VA2,/nodes/VA2.html,cites,A2,
VP9,/nodes/VP9.html,VP27,/nodes/VP27.html,cites,P27,
VP10,/nodes/VP10.html,VP1,/nodes/VP1.html,cites,P1,
VP10,/nodes/VP10.html,VP6,/nodes/VP6.html,cites,P6,
VP10,/nodes/VP10.html,VP8,/nodes/VP8.html,cites,P8,
VP10,/nodes/VP10.html,VP1,/nodes/VP1.html,cites,P1,/text/part0032.html#e4522
VP10,/nodes/VP10.html,VP6,/nodes/VP6.html,cites,P6,/text/part0032.html#e4545
VP12,/nodes/VP12.html,VP11,/nodes/VP11.html,cites,P11,
VP12,/nodes/VP12.html,VP11,/nodes/VP11.html,cites,P11,/text/part0032.html#e4580
VP15,/nodes/VP15.html,VP14,/nodes/VP14.html,cites,P14,
VP16,/nodes/VP16.html,VP15,/nodes/VP15.html,cites,P15,
VP17,/nodes/VP17.html,IIP32,/nodes/IIP32.html,cites,IIP32,
VP17,/nodes/VP17.html,VP17,/nodes/VP17.html,cites,P17,
VP17,/nodes/VP17.html,VP17,/nodes/VP17.html,cites,P17,/text/part0032.html#e4591
VP18,/nodes/VP18.html,IIP46,/nodes/IIP46.html,cites,IIP46,
VP18,/nodes/VP18.html,VP3,/nodes/VP3.html,cites,P3,
VP18,/nodes/VP18.html,IIP46,/nodes/IIP46.html,cites,IIP46,/text/part0030.html#e3483
VP19,/nodes/VP19.html,IIIP19,/nodes/IIIP19.html,cites,IIIP19,
VP20,/nodes/VP20.html,VP18,/nodes/VP18.html,cites,P18,
VP20,/nodes/VP20.html,IIIP35,/nodes/IIIP35.html,cites,IIIP35S,
VP20,/nodes/VP20.html,VP9,/nodes/VP9.html,cites,P9,
VP20,/nodes/VP20.html,VP10,/nodes/VP10.html,cites,P10,
VP20,/nodes/VP20.html,VP12,/nodes/VP12.html,cites,P12,
VP20,/nodes/VP20.html,VP13,/nodes/VP13.html,cites,P13,
VP20,/nodes/VP20.html,IIP45,/nodes/IIP45.html,cites,IIP45,
VP20,/nodes/VP20.html,VP16,/nodes/VP16.html,cites,P16,
VP20,/nodes/VP20.html,IIIP1,/nodes/IIIP1.html,cites,IIIP1,
VP20,/nodes/VP20.html,VP18,/nodes/VP18.html,cites,P18,/text/part0032.html#e4594
VP20,/nodes/VP20.html,IIIP35,/nodes/IIIP35.html,cites,IIIP35S,/text/part0031.html#e3754
VP20,/nodes/VP20.html,IIP45,/nodes/IIP45.html,cites,IIP45,/text/part0030.html#e3478
VP20,/nodes/VP20.html,VP16,/nodes/VP16.html,cites,P16,/text/part0032.html#e4589
VP21,/nodes/VP21.html,IIP8,/nodes/IIP8.html,cites,IIP8C,
VP21,/nodes/VP21.html,IIP26,/nodes/IIP26.html,cites,IIP26,
VP21,/nodes/VP21.html,IIP26,/nodes/IIP26.html,cites,IIP26,/text/part0030.html#e3372
VP22,/nodes/VP22.html,IP25,/nodes/IP25.html,cites,IP25,
VP22,/nodes/VP22.html,IA4,/nodes/IA4.html,cites,IA4,
VP22,/nodes/VP22.html,IP16,/nodes/IP16.html,cites,IP16,
VP22,/nodes/VP22.html,IIP3,/nodes/IIP3.html,cites,IIP3,
VP22,/nodes/VP22.html,IIP3,/nodes/IIP3.html,cites,IIP3,/text/part0029_split_001.html#e3195
VP23,/nodes/VP23.html,VP22,/nodes/VP22.html,cites,P22,
VP23,/nodes/VP23.html,IIP13,/nodes/IIP13.html,cites,IIP13,
VP23,/nodes/VP23.html,IIP13,/nodes/IIP13.html,cites,IIP13,/text/part0029_split_001.html#e3259
VP25,/nodes/VP25.html,VP24,/nodes/VP24.html,cites,P24,
VP27,/nodes/VP27.html,VP25,/nodes/VP25.html,cites,P25,
VP29,/nodes/VP29.html,ID8,/nodes/ID8.html,cites,ID8,
VP29,/nodes/VP29.html,VP23,/nodes/VP23.html,cites,P23,
VP31,/nodes/VP31.html,VP29,/nodes/VP29.html,cites,P29,
VP31,/nodes/VP31.html,VP30,/nodes/VP30.html,cites,P30,
VP31,/nodes/VP31.html,VP29,/nodes/VP29.html,cites,P29,/text/part0032.html#e4641
VP31,/nodes/VP31.html,VP30,/nodes/VP30.html,cites,P30,/text/part0032.html#e4647
VP32,/nodes/VP32.html,VP32,/nodes/VP32.html,cites,P32,
VP33,/nodes/VP33.html,VP31,/nodes/VP31.html,cites,P31,
VP33,/nodes/VP33.html,IA3,/nodes/IA3.html,cites,IA3,
VP33,/nodes/VP33.html,VP33,/nodes/VP33.html,cites,P33,
VP35,/nodes/VP35.html,ID6,/nodes/ID6.html,cites,ID6,
VP35,/nodes/VP35.html,IID6,/nodes/IID6.html,cites,IID6,
VP35,/nodes/VP35.html,IP11,/nodes/IP11.html,cites,IP11,
VP35,/nodes/VP35.html,IP11,/nodes/IP11.html,cites,IP11,/text/part0029_split_001.html#page_417
VP36,/nodes/VP36.html,VP35,/nodes/VP35.html,cites,P35,
VP39,/nodes/VP39.html,VP38,/nodes/VP38.html,cites,P38S,
VP40,/nodes/VP40.html,VP40,/nodes/VP40.html,cites,P40,
VP40,/nodes/VP40.html,IP21,/nodes/IP21.html,cites,IP21,
VP40,/nodes/VP40.html,VP40,/nodes/VP40.html,cites,P40,/text/part0032.html#e4694
VP42,/nodes/VP42.html,VP36,/nodes/VP36.html,cites,P36,
