code,type,part,href,source,label,direct_uses,direct_used_by,ancestors,descendants
ID1,definition,Part I,/nodes/ID1.html,/text/part0029_split_001.html#cite-ID1,"[5] D1: By cause of itself I understand that whose essence involves existence, or that whose nature cannot be conceived except as existing.",0,1,0,136
ID2,definition,Part I,/nodes/ID2.html,/text/part0029_split_001.html#cite-ID2,D2: That thing is said to be finite in its own kind that can be limited by another of the same nature.,0,2,0,110
ID3,definition,Part I,/nodes/ID3.html,/text/part0029_split_001.html#cite-ID3,"D3: By substance I understand what is in itself and is conceived through [15] itself, i.e., that whose concept does not require the concept of another thing, from which it must be formed.",0,8,0,151
ID4,definition,Part I,/nodes/ID4.html,/text/part0029_split_001.html#cite-ID4,"D4: By attribute I understand what the intellect perceives of a substance, as constituting its essence.2",0,5,0,131
ID5,definition,Part I,/nodes/ID5.html,/text/part0029_split_001.html#cite-ID5,"[20] D5: By mode I understand the affections of a substance, or that which is in another through which it is also conceived.",0,8,0,151
ID6,definition,Part I,/nodes/ID6.html,/text/part0029_split_001.html#cite-ID6,"D6: By God I understand a being absolutely infinite, i.e., a substance consisting of an infinity of attributes, of which each one expresses an3 [25] eternal and infinite essence.",0,10,0,149
ID7,definition,Part I,/nodes/ID7.html,/text/part0029_split_001.html#cite-ID7,"D7: That thing is called free which exists from the necessity of its nature alone, and is determined to act by itself alone. But a thing is [10] called necessary, or rather compelled, which is determined by another to exist and to produce an effect in a certai",0,4,0,20
ID8,definition,Part I,/nodes/ID8.html,/text/part0029_split_001.html#cite-ID8,"D8: By eternity I understand existence itself, insofar as it is conceived [15] to follow necessarily from the definition alone of the eternal thing.",0,4,0,19
IA1,axiom,Part I,/nodes/IA1.html,/text/part0029_split_001.html#cite-IA1,"A1: Whatever is, is either in itself or in another.",0,5,0,152
IA2,axiom,Part I,/nodes/IA2.html,/text/part0029_split_001.html#cite-IA2,"A2: What cannot be conceived through another, must be conceived through itself.",0,0,0,0
IA3,axiom,Part I,/nodes/IA3.html,/text/part0029_split_001.html#cite-IA3,"A3: From a given determinate cause the effect follows necessarily; and [25] conversely, if there is no determinate cause, it is impossible for an effect to follow.",0,2,0,34
IA4,axiom,Part I,/nodes/IA4.html,/text/part0029_split_001.html#cite-IA4,"A4: The knowledge of an effect depends on, and involves, the knowledge of its cause.",0,5,0,143
IA5,axiom,Part I,/nodes/IA5.html,/text/part0029_split_001.html#cite-IA5,"A5: Things that have nothing in common with one another also cannot [30] be understood through one another, or the concept of the one does not involve the concept of the other.",0,1,0,120
IA6,axiom,Part I,/nodes/IA6.html,/text/part0029_split_001.html#cite-IA6,[II/47] A6: A true idea must agree with its object.,0,3,0,128
IA7,axiom,Part I,/nodes/IA7.html,/text/part0029_split_001.html#cite-IA7,"A7: If a thing can be conceived as not existing, its essence does not involve existence.",0,1,0,139
IP1,proposition,Part I,/nodes/IP1.html,/text/part0029_split_001.html#p-part0029-split-001-0025,[5] P1: A substance7 is prior in nature to its affections.,2,1,2,126
IP2,proposition,Part I,/nodes/IP2.html,/text/part0029_split_001.html#cite-IP2,P2: Two substances having different attributes have nothing in common with [10] one another.8,0,3,0,145
IP3,proposition,Part I,/nodes/IP3.html,/text/part0029_split_001.html#p-part0029-split-001-0029,"[15] P3: If things have nothing in common with one another, one of them cannot be the cause of the other.",2,1,2,135
IP4,proposition,Part I,/nodes/IP4.html,/text/part0029_split_001.html#cite-IP4,"P4: Two or more distinct things are distinguished from one another, either by a difference in the attributes of the substances or by a difference in their affections.",4,1,4,126
IP5,proposition,Part I,/nodes/IP5.html,/text/part0029_split_001.html#cite-IP5,P5: In nature there cannot be two or more substances of the same nature or [5] attribute.,4,5,7,140
IP6,proposition,Part I,/nodes/IP6.html,/text/part0029_split_001.html#cite-IP6,P6: One substance cannot be produced by another substance.,7,3,12,144
IP7,proposition,Part I,/nodes/IP7.html,/text/part0029_split_001.html#cite-IP7,[I/49] P7: It pertains to the nature of a substance to exist.,1,4,1,145
IP8,proposition,Part I,/nodes/IP8.html,/text/part0029_split_001.html#cite-IP8,P8: Every substance is necessarily infinite.,3,3,11,116
IP9,proposition,Part I,/nodes/IP9.html,/text/part0029_split_001.html#cite-IP9,"P9: The more reality or being each thing has, the more attributes belong to it.",0,0,0,0
IP10,proposition,Part I,/nodes/IP10.html,/text/part0029_split_001.html#cite-IP10,P10: Each attribute of a substance must be conceived through itself.,3,1,3,107
IP11,proposition,Part I,/nodes/IP11.html,/text/part0029_split_001.html#cite-IP11,"P11: God, or a substance consisting of infinite attributes, each of which expresses [25] eternal and infinite essence, necessarily exists.",6,9,17,144
IP12,proposition,Part I,/nodes/IP12.html,/text/part0029_split_001.html#cite-IP12,[II/55] P12: No attribute of a substance can be truly conceived from which it follows that the substance can be divided.,7,2,19,115
IP13,proposition,Part I,/nodes/IP13.html,/text/part0029_split_001.html#p-part0029-split-001-0081,[20] P13: A substance which is absolutely infinite is indivisible.,4,1,22,114
IP14,proposition,Part I,/nodes/IP14.html,/text/part0029_split_001.html#cite-IP14,"P14: Except God, no substance can be or be conceived.",4,2,18,114
IP15,proposition,Part I,/nodes/IP15.html,/text/part0029_split_001.html#cite-IP15,"[25] P15: Whatever is, is in God, and nothing can be or be conceived without God.",7,11,24,117
IP16,proposition,Part I,/nodes/IP16.html,/text/part0029_split_001.html#cite-IP16,"P16: From the necessity of the divine nature there must follow infinitely many things in infinitely many modes,43 (i.e., everything which can fall under an infinite intellect.)44",1,8,1,117
IP17,proposition,Part I,/nodes/IP17.html,/text/part0029_split_001.html#p-part0029-split-001-0111,"[5] P17: God acts from the laws of his nature alone, and is compelled by no one.",5,1,27,0
IP18,proposition,Part I,/nodes/IP18.html,/text/part0029_split_001.html#cite-IP18,"P18: God is the immanent, not the transitive, cause of all things.",3,0,25,0
IP19,proposition,Part I,/nodes/IP19.html,/text/part0029_split_001.html#cite-IP19,"P19: God is eternal, or all God’s attributes are eternal.",6,3,19,3
IP20,proposition,Part I,/nodes/IP20.html,/text/part0029_split_001.html#cite-IP20,P20: God’s existence and his essence are one and the same.,4,1,20,0
IP21,proposition,Part I,/nodes/IP21.html,/text/part0029_split_001.html#cite-IP21,"P21: All the things which follow from the absolute nature of any of God’s attributes have always53 had to exist and be infinite, or are, through the same attribute, eternal and infinite.",2,6,19,32
IP22,proposition,Part I,/nodes/IP22.html,/text/part0029_split_001.html#cite-IP22,"P22: Whatever follows from some attribute of God insofar as it is modified by a modification which, through the same attribute, exists necessarily and is [20] infinite, must also exist necessarily and be infinite.57",0,2,0,30
IP23,proposition,Part I,/nodes/IP23.html,/text/part0029_split_001.html#p-part0029-split-001-0139,"[25] P23: Every mode which exists necessarily and is infinite has necessarily had to follow either from the absolute nature of some attribute of God, or from some attribute, modified by a modification which exists necessarily and is infinite.",7,1,29,1
IP24,proposition,Part I,/nodes/IP24.html,/text/part0029_split_001.html#cite-IP24,P24: The essence of things produced by God does not involve existence.,0,3,0,35
IP25,proposition,Part I,/nodes/IP25.html,/text/part0029_split_001.html#cite-IP25,"P25: God is the efficient cause, not only of the existence of things, but also of their essence.",3,3,25,92
IP26,proposition,Part I,/nodes/IP26.html,/text/part0029_split_001.html#cite-IP26,[15] P26: A thing which has been determined to produce an effect has necessarily been determined in this way by God; and one which has not been determined by God cannot determine itself to produce an effect.,1,2,26,29
IP27,proposition,Part I,/nodes/IP27.html,/text/part0029_split_001.html#cite-IP27,"P27: A thing which has been determined by God to produce an effect, cannot render itself undetermined.",1,1,1,25
IP28,proposition,Part I,/nodes/IP28.html,/text/part0029_split_001.html#cite-IP28,"[II/69] P28: Every singular thing, or any thing which is finite and has a determinate existence, can neither exist nor be determined to produce an effect unless it is [5] determined to exist and produce an effect by another cause, which is also finite and has ",8,5,30,28
IP29,proposition,Part I,/nodes/IP29.html,/text/part0029_split_001.html#cite-IP29,"P29: In nature there is nothing contingent, but all things have been determined from the necessity of the divine nature to exist and produce an effect in a certain way.",7,5,34,24
IP30,proposition,Part I,/nodes/IP30.html,/text/part0029_split_001.html#cite-IP30,"P30: An actual intellect, whether finite or infinite,62 must comprehend God’s attributes and God’s affections, and nothing else.",2,1,25,1
IP31,proposition,Part I,/nodes/IP31.html,/text/part0029_split_001.html#p-part0029-split-001-0164,"[30] P31: The actual intellect, whether finite or infinite, like will, desire, love, etc., must be referred to Natura naturata, not to Natura naturans.63",4,0,35,0
IP32,proposition,Part I,/nodes/IP32.html,/text/part0029_split_001.html#p-part0029-split-001-0167,"[20] P32: The will cannot be called a free cause, but only a necessary one.",4,0,39,0
IP33,proposition,Part I,/nodes/IP33.html,/text/part0029_split_001.html#cite-IP33,"P33: Things could have been produced by God in no other way, and in no [20] other order than they have been produced.",4,0,36,0
IP34,proposition,Part I,/nodes/IP34.html,/text/part0029_split_001.html#cite-IP34,[35] P34: God’s power is his essence itself.,2,4,19,107
IP35,proposition,Part I,/nodes/IP35.html,/text/part0029_split_001.html#cite-IP35,"P35: Whatever we conceive to be in God’s power, necessarily exists.",1,1,20,55
IP36,proposition,Part I,/nodes/IP36.html,/text/part0029_split_001.html#cite-IP36,P36: Nothing exists from whose nature some effect does not follow.,2,3,20,78
IID1,definition,Part II,/nodes/IID1.html,/text/part0029_split_001.html#cite-IID1,D1: By body I understand a mode that in a certain and determinate [15] way expresses God’s essence insofar as he is considered as an extended thing (see IP25C).,0,2,0,78
IID2,definition,Part II,/nodes/IID2.html,/text/part0029_split_001.html#cite-IID2,"D2: I say that to the essence of any thing belongs that which, being given, the thing is [NS: also] necessarily posited and which, being taken away, the thing is necessarily [NS: also] taken away; or that without which the thing can neither be nor be conceived",0,2,0,20
IID3,definition,Part II,/nodes/IID3.html,/text/part0029_split_001.html#cite-IID3,D3: By idea I understand a concept of the Mind that the Mind forms because it is a thinking thing.,0,1,0,16
IID4,definition,Part II,/nodes/IID4.html,/text/part0029_split_001.html#cite-IID4,"D4: By adequate idea I understand an idea which, insofar as it is [5] considered in itself, without relation to an object, has all the properties, or intrinsic denominations of a true idea.",0,1,0,2
IID5,definition,Part II,/nodes/IID5.html,/text/part0029_split_001.html#p-part0029-split-001-0228,[10] D5: Duration is an indefinite continuation of existing.,0,0,0,0
IID6,definition,Part II,/nodes/IID6.html,/text/part0029_split_001.html#cite-IID6,[15] D6: By reality and perfection I understand the same thing.,0,3,0,54
IID7,definition,Part II,/nodes/IID7.html,/text/part0029_split_001.html#cite-IID7,"D7: By singular things I understand things that are finite and have a determinate existence. And if a number of Individuals2 so concur in one action that together they are all the cause of one effect, I consider [20] them all, to that extent, as one singular t",0,0,0,0
IIA1,axiom,Part II,/nodes/IIA1.html,/text/part0029_split_001.html#cite-IIA1,"A1: The essence of man does not involve necessary existence, i.e., from the order of nature it can happen equally that this or that man does exist, or that he does not exist.",0,6,0,132
IIA2,axiom,Part II,/nodes/IIA2.html,/text/part0029_split_001.html#cite-IIA2,[25] A2: Man thinks.3,0,1,0,105
IIA3,axiom,Part II,/nodes/IIA3.html,/text/part0029_split_001.html#cite-IIA3,"A3: There are no modes of thinking, such as love, desire, or whatever [II/86] is designated by the word affects of the mind, unless there is in the same Individual4 the idea of the thing loved, desired, etc. But there can be an idea, even though there is no ot",0,2,0,105
IIA4,axiom,Part II,/nodes/IIA4.html,/text/part0029_split_001.html#cite-IIA4,[5] A4: We feel that a certain body5 is affected in many ways.,0,1,0,75
IIA5,axiom,Part II,/nodes/IIA5.html,/text/part0029_split_001.html#cite-IIA5,"A5: We neither feel nor perceive any singular things [NS: or anything of natura naturata],6 except bodies and modes of thinking. See the postulates after P13.",1,1,30,74
IIP1,proposition,Part II,/nodes/IIP1.html,/text/part0029_split_001.html#p-part0029-split-001-0237,"[10] P1: Thought is an attribute of God, or God is a thinking thing.",1,2,1,55
IIP2,proposition,Part II,/nodes/IIP2.html,/text/part0029_split_001.html#p-part0029-split-001-0240,"[30] P2: Extension is an attribute of God, or God is an extended thing.",0,0,0,0
IIP3,proposition,Part II,/nodes/IIP3.html,/text/part0029_split_001.html#cite-IIP3,"[5] P3: In God there is necessarily an idea, both of his essence and of everything that necessarily follows from his essence.",3,4,25,54
IIP4,proposition,Part II,/nodes/IIP4.html,/text/part0029_split_001.html#cite-IIP4,"P4: God’s idea, from which infinitely many things follow in infinitely many modes, must be unique.",1,0,26,0
IIP5,proposition,Part II,/nodes/IIP5.html,/text/part0029_split_001.html#p-part0029-split-001-0249,"[15] P5: The formal being of ideas admits God as a cause only insofar as he is considered as a thinking thing, and not insofar as he is explained by any other attribute. I.e., ideas, both of God’s attributes and of singular things, admit not the objects themse",1,0,26,0
IIP6,proposition,Part II,/nodes/IIP6.html,/text/part0029_split_001.html#cite-IIP6,"P6: The modes of each attribute have God for their cause only insofar as he is [5] considered under the attribute of which they are modes, and not insofar as he is considered under any other attribute.",0,5,0,91
IIP7,proposition,Part II,/nodes/IIP7.html,/text/part0029_split_001.html#cite-IIP7,[20] P7: The order and connection of ideas is the same as the order and connection of things.,0,4,0,70
IIP8,proposition,Part II,/nodes/IIP8.html,/text/part0029_split_001.html#cite-IIP8,"P8: The ideas of singular things, or of modes, that do not exist must be comprehended in God’s infinite idea in the same way as the formal essences of the [35] singular things, or modes, are contained in God’s attributes.",0,3,0,42
IIP9,proposition,Part II,/nodes/IIP9.html,/text/part0029_split_001.html#cite-IIP9,"[30] P9: The idea of a singular thing which actually exists has God for a cause not [II/92] insofar as he is infinite,17 but insofar as he is considered to be affected by another idea of a singular thing which actually exists; and of this [idea] God is also th",5,2,29,20
IIP10,proposition,Part II,/nodes/IIP10.html,/text/part0029_split_001.html#cite-IIP10,"P10: The being of substance does not pertain to the essence of man,21 or substance does not constitute the form of man.",3,2,2,15
IIP11,proposition,Part II,/nodes/IIP11.html,/text/part0029_split_001.html#cite-IIP11,P11: The first thing that constitutes the actual being of a human Mind is [15] nothing but the idea of a singular thing which actually exists.,3,5,3,107
IIP12,proposition,Part II,/nodes/IIP12.html,/text/part0029_split_001.html#cite-IIP12,"P12: Whatever happens in the object of the idea constituting the human Mind must be perceived by the human Mind, or there will necessarily be an idea of [15] that thing in the Mind; i.e., if the object of the idea constituting a human Mind is a body, nothing c",1,5,4,101
IIP13,proposition,Part II,/nodes/IIP13.html,/text/part0029_split_001.html#cite-IIP13,"[II/96] P13: The object of the idea constituting the human Mind is the Body,29 or a certain mode of Extension which actually exists, and nothing else.",8,3,30,76
IIP14,proposition,Part II,/nodes/IIP14.html,/text/part0029_split_001.html#cite-IIP14,"P14: The human Mind is capable of perceiving a great many things, and is the more capable, the more its body can be disposed in a great many ways.",1,2,5,78
IIP15,proposition,Part II,/nodes/IIP15.html,/text/part0029_split_001.html#cite-IIP15,"P15: The idea that constitutes the formal being [esse] of the human Mind is not simple, but composed of a great many ideas.",2,1,32,60
IIP16,proposition,Part II,/nodes/IIP16.html,/text/part0029_split_001.html#cite-IIP16,P16: The idea of any mode in which the human Body is affected by external bodies must involve the nature of the human Body and at the same time the [30] nature of the external body.,1,4,1,83
IIP17,proposition,Part II,/nodes/IIP17.html,/text/part0029_split_001.html#cite-IIP17,"P17: If the human Body is affected with a mode that involves the nature of [20] an external body, the human Mind will regard the same external body as actually existing, or as present to it, until the Body is affected by an affect43 that excludes the existence",2,1,6,5
IIP18,proposition,Part II,/nodes/IIP18.html,/text/part0030.html#cite-IIP18,"P18: If the human Body has once been affected by two or more bodies at the same time, then when the Mind subsequently imagines one of them, it will immediately recollect the others also.",1,4,2,28
IIP19,proposition,Part II,/nodes/IIP19.html,/text/part0030.html#cite-IIP19,"[30] P19: The human Mind does not know the human Body itself, nor does it know that it exists, except through ideas of affections by which the Body is affected.",3,3,32,19
IIP20,proposition,Part II,/nodes/IIP20.html,/text/part0030.html#cite-IIP20,"[20] P20: There is also in God an idea, or knowledge, of the human Mind, which follows in God in the same way and is related to God in the same way as the idea, or knowledge, of the human Body.",2,3,26,33
IIP21,proposition,Part II,/nodes/IIP21.html,/text/part0030.html#p-part0030-0020,[II/109] P21: This idea of the Mind is united to the Mind in the same way as the Mind is united to the Body.,0,3,0,34
IIP22,proposition,Part II,/nodes/IIP22.html,/text/part0030.html#cite-IIP22,"[25] P22: The human Mind perceives not only the affections of the Body, but also the ideas of these affections.",2,3,27,29
IIP23,proposition,Part II,/nodes/IIP23.html,/text/part0030.html#cite-IIP23,"P23: The Mind does not know itself, except insofar as it perceives the ideas of the affections of the Body.",3,3,36,18
IIP24,proposition,Part II,/nodes/IIP24.html,/text/part0030.html#cite-IIP24,P24: The human Mind does not involve adequate knowledge of the parts composing the human Body.,1,2,1,5
IIP25,proposition,Part II,/nodes/IIP25.html,/text/part0030.html#cite-IIP25,[20] P25: The idea of any affection of the human Body does not involve adequate knowledge of an external body.,0,4,0,45
IIP26,proposition,Part II,/nodes/IIP26.html,/text/part0030.html#cite-IIP26,"[II/112] P26: The human Mind does not perceive any external body as actually existing, except through the ideas of the affections of its own Body.",2,3,1,22
IIP27,proposition,Part II,/nodes/IIP27.html,/text/part0030.html#cite-IIP27,P27: The idea of any affection of the human Body does not involve adequate [25] knowledge of the human body itself.,0,2,0,30
IIP28,proposition,Part II,/nodes/IIP28.html,/text/part0030.html#cite-IIP28,"P28: The ideas of the affections of the human Body, insofar as they are related [5] only to the human Mind, are not clear and distinct, but confused.",2,2,3,4
IIP29,proposition,Part II,/nodes/IIP29.html,/text/part0030.html#cite-IIP29,P29: The idea of the idea of any affection of the human Body does not involve [30] adequate knowledge of the human Mind.,8,2,39,2
IIP30,proposition,Part II,/nodes/IIP30.html,/text/part0030.html#cite-IIP30,P30: We can have only an entirely inadequate knowledge of the duration of [30] our Body.,2,1,31,17
IIP31,proposition,Part II,/nodes/IIP31.html,/text/part0030.html#p-part0030-0047,[15] P31: We can have only an entirely inadequate knowledge of the duration of the singular things which are outside us.,3,3,36,16
IIP32,proposition,Part II,/nodes/IIP32.html,/text/part0030.html#cite-IIP32,"P32: All ideas, insofar as they are related to God, are true.",0,5,0,48
IIP33,proposition,Part II,/nodes/IIP33.html,/text/part0030.html#p-part0030-0052,[10] P33: There is nothing positive in ideas on account of which they are called false.,2,2,26,41
IIP34,proposition,Part II,/nodes/IIP34.html,/text/part0030.html#cite-IIP34,"[20] P34: Every idea that in us is absolute, or adequate and perfect, is true.",1,2,1,40
IIP35,proposition,Part II,/nodes/IIP35.html,/text/part0030.html#cite-IIP35,"P35: Falsity consists in the privation of knowledge which inadequate, or mutilated and confused, ideas involve.",1,4,27,40
IIP36,proposition,Part II,/nodes/IIP36.html,/text/part0030.html#cite-IIP36,"P36: Inadequate and confused ideas follow with the same necessity as adequate, or clear and distinct ideas.",4,0,6,0
IIP37,proposition,Part II,/nodes/IIP37.html,/text/part0030.html#p-part0030-0062,"[10] P37: What is common to all things (on this see L2, above) and is equally in the part and in the whole, does not constitute the essence of any singular thing.",1,1,1,3
IIP38,proposition,Part II,/nodes/IIP38.html,/text/part0030.html#cite-IIP38,"[20] P38: Those things which are common to all, and which are equally in the part and in the whole, can only be conceived adequately.",3,4,2,27
IIP39,proposition,Part II,/nodes/IIP39.html,/text/part0030.html#p-part0030-0067,"[10] P39: If something is common to, and peculiar to, the human Body and certain external bodies by which the human Body is usually affected, and is equally in the part and in the whole of each of them, its idea will also be adequate in the Mind.",0,1,0,18
IIP40,proposition,Part II,/nodes/IIP40.html,/text/part0030.html#cite-IIP40,P40: Whatever ideas follow in the Mind from ideas that are adequate in the [5] mind are also adequate.,3,3,4,17
IIP41,proposition,Part II,/nodes/IIP41.html,/text/part0030.html#cite-IIP41,"P41: Knowledge of the first kind is the only cause of falsity, whereas knowledge of the second and of the third kind is necessarily true.",2,3,29,34
IIP42,proposition,Part II,/nodes/IIP42.html,/text/part0030.html#cite-IIP42,"P42: Knowledge of the second and third kinds, and not of the first kind, teaches [10] us to distinguish the true from the false.",0,0,0,0
IIP43,proposition,Part II,/nodes/IIP43.html,/text/part0030.html#cite-IIP43,"P43: He who has a true idea at the same time knows that he has a true idea, and cannot doubt the truth of the thing.",2,3,28,17
IIP44,proposition,Part II,/nodes/IIP44.html,/text/part0030.html#p-part0030-0094,"[5] P44: It is of the nature of Reason to regard things as necessary, not as contingent.",6,2,39,2
IIP45,proposition,Part II,/nodes/IIP45.html,/text/part0030.html#cite-IIP45,"[II/127] P45: Each idea of each body, or of each singular thing which actually exists, necessarily involves an68 eternal and infinite essence of God.",4,3,4,19
IIP46,proposition,Part II,/nodes/IIP46.html,/text/part0030.html#p-part0030-0107,[25] P46: The knowledge of God’s eternal and infinite essence which each idea involves is adequate and perfect.,2,2,8,18
IIP47,proposition,Part II,/nodes/IIP47.html,/text/part0030.html#cite-IIP47,P47: The human Mind has an adequate knowledge of God’s eternal and infinite [5] essence.,5,2,39,15
IIP48,proposition,Part II,/nodes/IIP48.html,/text/part0030.html#cite-IIP48,"P48: In the Mind there is no absolute, or free, will, but the Mind is determined [10] to will this or that by a cause which is also determined by another, and this again by another, and so to infinity.",1,2,1,15
IIP49,proposition,Part II,/nodes/IIP49.html,/text/part0030.html#p-part0030-0120,"[15] P49: In the Mind there is no volition, or affirmation and negation, except that which the idea involves insofar as it is an idea.",6,2,59,14
IIID1,definition,Part III,/nodes/IIID1.html,/text/part0030.html#cite-IIID1,"D1: I call that cause adequate whose effect can be clearly and distinctly perceived through it. But I call it partial, or inadequate, if its [5] effect cannot be understood through it alone.",0,4,0,62
IIID2,definition,Part III,/nodes/IIID2.html,/text/part0030.html#cite-IIID2,"D2: I say that we act when something happens, in us or outside us, of which we are the adequate cause, i.e. (by D1), when something in us or outside us follows from our nature, which can be clearly and [10] distinctly understood through it alone. On the other ",1,3,1,61
IIID3,definition,Part III,/nodes/IIID3.html,/text/part0030.html#cite-IIID3,"D3: By affect I understand affections of the Body by which the Body’s [15] power of acting is increased or diminished, aided or restrained, and at the same time, the ideas of these affections.",0,1,0,48
IIIP1,proposition,Part III,/nodes/IIIP1.html,/text/part0030.html#cite-IIIP1,"P1: Our Mind does certain things [acts] and undergoes other things, viz. [5] insofar as it has adequate ideas, it necessarily does certain things, and insofar as it has inadequate ideas, it necessarily undergoes other things.",3,3,23,60
IIIP2,proposition,Part III,/nodes/IIIP2.html,/text/part0030.html#p-part0030-0173,"[5] P2: The Body cannot determine the Mind to thinking, and the Mind cannot determine the Body to motion, to rest or to anything else (if there is anything else).",1,1,1,4
IIIP3,proposition,Part III,/nodes/IIIP3.html,/text/part0030.html#cite-IIIP3,P3: The actions of the Mind arise from adequate ideas alone; the passions depend on inadequate ideas alone.,3,3,61,60
IIIP4,proposition,Part III,/nodes/IIIP4.html,/text/part0030.html#cite-IIIP4,P4: No thing can be destroyed except through an external cause.,0,6,0,67
IIIP5,proposition,Part III,/nodes/IIIP5.html,/text/part0030.html#cite-IIIP5,"[30] P5: Things14 are of a contrary nature, i.e., cannot be in the same subject, insofar as one can destroy the other.",1,4,1,63
IIIP6,proposition,Part III,/nodes/IIIP6.html,/text/part0030.html#cite-IIIP6,"P6: Each thing, as far as it can by its own power,15 strives to persevere in its being.",4,4,30,62
IIIP7,proposition,Part III,/nodes/IIIP7.html,/text/part0030.html#cite-IIIP7,[20] P7: The striving by which each thing strives to persevere in its being is nothing but the actual essence of the thing.,1,4,31,61
IIIP8,proposition,Part III,/nodes/IIIP8.html,/text/part0030.html#p-part0030-0204,"[II/147] P8: The striving by which each thing strives to persevere in its being involves no finite time, but an indefinite time.",1,1,1,61
IIIP9,proposition,Part III,/nodes/IIIP9.html,/text/part0030.html#cite-IIIP9,"[15] P9: Both insofar as the Mind has clear and distinct ideas, and insofar as it has confused ideas, it strives, for an indefinite duration, to persevere in its being and it is conscious of this striving it has.",3,4,60,60
IIIP10,proposition,Part III,/nodes/IIIP10.html,/text/part0030.html#p-part0030-0211,"[10] P10: An idea that excludes the existence of our Body cannot be in our Mind, but is contrary to it.",3,2,61,60
IIIP11,proposition,Part III,/nodes/IIIP11.html,/text/part0030.html#cite-IIIP11,"P11: The idea of any thing that increases or diminishes, aids or restrains, our [25] Body’s power of acting, increases or diminishes, aids or restrains, our Mind’s power of thinking.",5,3,61,60
IIIP12,proposition,Part III,/nodes/IIIP12.html,/text/part0030.html#cite-IIIP12,"[II/150] P12: The Mind, as far as it can, strives to imagine those things that increase or aid the Body’s power of acting.",3,6,61,60
IIIP13,proposition,Part III,/nodes/IIIP13.html,/text/part0030.html#cite-IIIP13,"[20] P13: When the Mind imagines those things that diminish or restrain the Body’s power of acting, it strives, as far as it can, to recollect things that exclude their existence.",2,8,61,59
IIIP14,proposition,Part III,/nodes/IIIP14.html,/text/part0030.html#cite-IIIP14,"P14: If the Mind has once been affected by two affects at once, then afterwards, when it is affected by one of them, it will also be affected by the other.",1,2,1,54
IIIP15,proposition,Part III,/nodes/IIIP15.html,/text/part0030.html#cite-IIIP15,"[25] P15: Any thing can be the accidental cause of Joy, Sadness, or Desire.",3,2,61,53
IIIP16,proposition,Part III,/nodes/IIIP16.html,/text/part0030.html#cite-IIIP16,"P16: From the mere fact that we imagine a thing to have some likeness to an object that usually affects the Mind with Joy or Sadness, we love it or hate it, [II/153] even though that in which the thing is like the object is not the efficient cause of these aff",2,4,61,58
IIIP17,proposition,Part III,/nodes/IIIP17.html,/text/part0030.html#cite-IIIP17,"P17: If we imagine that a thing which usually affects us with an affect of [15] Sadness is like another which usually affects us with an equally great affect of Joy, we shall hate it and at the same time love it.",1,2,57,59
IIIP18,proposition,Part III,/nodes/IIIP18.html,/text/part0030.html#cite-IIIP18,[10] P18: Man is affected with the same affect of Joy or Sadness from the image of a past or future thing as from the image of a present thing.,1,2,44,60
IIIP19,proposition,Part III,/nodes/IIIP19.html,/text/part0030.html#cite-IIIP19,"P19: He who imagines that what he loves is destroyed will be saddened; but he who imagines it to be preserved, will rejoice.",1,3,62,29
IIIP20,proposition,Part III,/nodes/IIIP20.html,/text/part0030.html#cite-IIIP20,[II/156] P20: He who imagines that what he hates is destroyed will rejoice.,1,3,62,25
IIIP21,proposition,Part III,/nodes/IIIP21.html,/text/part0030.html#cite-IIIP21,P21: He who imagines what he loves to be affected with Joy or Sadness will [15] also be affected with Joy or Sadness; and each of those affects will be greater or lesser in the lover as they are greater or lesser in the thing loved.,1,3,63,26
IIIP22,proposition,Part III,/nodes/IIIP22.html,/text/part0030.html#p-part0030-0250,"[II/157] P22: If we imagine someone to affect with Joy a thing we love, we shall be affected with Love toward him. If, on the other hand, we imagine him to affect [5] the same thing with Sadness, we shall also be affected with Hate toward him.",1,2,59,17
IIIP23,proposition,Part III,/nodes/IIIP23.html,/text/part0030.html#cite-IIIP23,"P23: He who imagines what he hates to be affected with Sadness will rejoice; if, on the other hand, he should imagine it to be affected with Joy, he will be saddened. And both these affects will be the greater or lesser, as its contrary is [30] greater or less",3,2,64,23
IIIP24,proposition,Part III,/nodes/IIIP24.html,/text/part0030.html#p-part0030-0258,"[20] P24: If we imagine someone to affect with Joy a thing we hate, we shall be affected with Hate toward him also. On the other hand, if we imagine him to affect the same thing with Sadness, we shall be affected with Love toward him.",1,1,45,2
IIIP25,proposition,Part III,/nodes/IIIP25.html,/text/part0030.html#cite-IIIP25,"[II/159] P25: We strive to affirm, concerning ourselves and what we love, whatever we imagine to affect with Joy ourselves or what we love. On the other hand, we strive to deny whatever we imagine affects with Sadness ourselves or what [5] we love.",3,2,64,18
IIIP26,proposition,Part III,/nodes/IIIP26.html,/text/part0030.html#cite-IIIP26,"[15] P26: We strive to affirm, concerning what we hate, whatever we imagine to affect it with Sadness, and on the other hand to deny whatever we imagine to affect it with Joy.",2,1,68,16
IIIP27,proposition,Part III,/nodes/IIIP27.html,/text/part0030.html#cite-IIIP27,"[5] P27: If we imagine a thing like us, toward which we have had no affect, to be affected with some affect, we are thereby affected with a like affect.",3,4,64,23
IIIP28,proposition,Part III,/nodes/IIIP28.html,/text/part0030.html#cite-IIIP28,"[30] P28: We strive to further the occurrence of whatever we imagine will lead to Joy, and to avert or destroy what we imagine is contrary to it, or will lead to Sadness.",3,3,63,18
IIIP29,proposition,Part III,/nodes/IIIP29.html,/text/part0030.html#cite-IIIP29,"P29: We shall strive to do also whatever we imagine mena to look on with Joy, and on the other hand, we shall be averse to doing what we imagine men are averse to.",2,2,66,17
IIIP30,proposition,Part III,/nodes/IIIP30.html,/text/part0030.html#cite-IIIP30,"[5] P30: If someone has done something which he imagines affects others with Joy, he will be affected with Joy accompanied by the idea of himself as cause, or he will regard himself with Joy. If, on the other hand, he has done something which he imagines affec",0,1,0,6
IIIP31,proposition,Part III,/nodes/IIIP31.html,/text/part0031.html#cite-IIIP31,[P31],3,2,67,16
IIIP32,proposition,Part III,/nodes/IIIP32.html,/text/part0031.html#p-part0031-0011,"[II/165] P32: If we imagine that someone enjoys some thing that only one can possess, we shall strive to bring it about that he does not possess it.",1,2,0,13
IIIP33,proposition,Part III,/nodes/IIIP33.html,/text/part0031.html#cite-IIIP33,"[P33]: When we love a thing like ourselves, we strive, as far as we can, to bring it about that it loves us in return.",1,3,62,9
IIIP34,proposition,Part III,/nodes/IIIP34.html,/text/part0031.html#cite-IIIP34,"[5] P34: The greater the affect with which we imagine a thing we love to be affected toward us, the more we shall exult at being esteemed.",3,2,64,5
IIIP35,proposition,Part III,/nodes/IIIP35.html,/text/part0031.html#p-part0031-0019,"[20] P35: If someone imagines that a thing he loves is united with another by as close, or by a closer, bond of Friendship than that with which he himself, alone, possessed the thing, he will be affected with Hate toward the thing he loves, and will envy the o",4,1,75,1
IIIP36,proposition,Part III,/nodes/IIIP36.html,/text/part0031.html#p-part0031-0023,P36: He who recollects a thing by which he was once pleased desires to possess [30] it in the same circumstances as when he first was pleased by it.,1,1,0,0
IIIP37,proposition,Part III,/nodes/IIIP37.html,/text/part0031.html#cite-IIIP37,[P37],3,4,59,21
IIIP38,proposition,Part III,/nodes/IIIP38.html,/text/part0031.html#p-part0031-0032,"[5] P38: If someone begins to hate a thing he has loved, so that the Love is completely destroyed, then (from an equal cause) he will have a greater hate for it than if he had never loved it, and this hate will be the greater as the Love before was greater.",3,1,66,3
IIIP39,proposition,Part III,/nodes/IIIP39.html,/text/part0031.html#cite-IIIP39,[P39],1,2,59,18
IIIP40,proposition,Part III,/nodes/IIIP40.html,/text/part0031.html#cite-IIIP40,"[5] P40: He who imagines he is hated by someone, and believes he has given the other no cause for hate, will hate the other in return.",3,4,66,15
IIIP41,proposition,Part III,/nodes/IIIP41.html,/text/part0031.html#p-part0031-0047,"[15] P41: If someone imagines that someone loves him, and does not believe he has given any cause for this,b he will love [that person] in return.29",1,2,55,4
IIIP42,proposition,Part III,/nodes/IIIP42.html,/text/part0031.html#p-part0031-0054,[10] P42: He who has benefited someone—whether moved to do so by Love or by the hope of Esteem—will be saddened if he sees his benefit accepted in an ungrateful spirit.,3,1,66,2
IIIP43,proposition,Part III,/nodes/IIIP43.html,/text/part0031.html#p-part0031-0056,"[26] P43: Hate is increased by being returned, but can be destroyed by Love.",3,1,70,2
IIIP44,proposition,Part III,/nodes/IIIP44.html,/text/part0031.html#cite-IIIP44,"P44: Hate completely conquered by Love passes into Love, and the Love is [10] therefore greater than if Hate had not preceded it.",3,1,66,2
IIIP45,proposition,Part III,/nodes/IIIP45.html,/text/part0031.html#p-part0031-0061,"[II/175] P45: If someone imagines that someone like himself is affected with Hate toward a thing like himself which he loves, he will hate that [person].",1,0,57,0
IIIP46,proposition,Part III,/nodes/IIIP46.html,/text/part0031.html#p-part0031-0063,"P46: If someone has been affected with Joy or Sadness by someone of a class, or nation, different from his own, and this Joy or Sadness is accompanied by the [15] idea of that person as its cause, under the universal name of the class or nation, he will love o",1,0,58,0
IIIP47,proposition,Part III,/nodes/IIIP47.html,/text/part0031.html#p-part0031-0065,"[20] P47: The Joy which arises from our imagining that a thing we hate is destroyed, or affected with some other evil, does not occur without some Sadness of mind.",0,1,0,14
IIIP48,proposition,Part III,/nodes/IIIP48.html,/text/part0031.html#cite-IIIP48,"[25] P48: Love or Hate—say, of Peter—is destroyed if the Sadness the Hate involves, or the Joy the Love involves, is attached to the idea of another cause, and each is diminished to the extent that we imagine that Peter was not its only cause.",0,2,0,21
IIIP49,proposition,Part III,/nodes/IIIP49.html,/text/part0031.html#cite-IIIP49,[P49],2,1,2,16
IIIP51,proposition,Part III,/nodes/IIIP51.html,/text/part0031.html#cite-IIIP51,P51: Different men can be affected differently by one and the same object; and one and the same man can be affected differently at different times by one and the same object.,2,2,4,15
IIIP52,proposition,Part III,/nodes/IIIP52.html,/text/part0031.html#cite-IIIP52,"P52: If we have previously seen an object together with others, or we imagine [30] it has nothing but what is common to many things, we shall not consider it so long as one which we imagine to have something singular.",2,2,31,15
IIIP53,proposition,Part III,/nodes/IIIP53.html,/text/part0031.html#cite-IIIP53,"P53: When the Mind considers itself and its power of acting, it rejoices, and [20] does so the more, the more distinctly it imagines itself and its power of acting.",0,3,0,18
IIIP54,proposition,Part III,/nodes/IIIP54.html,/text/part0031.html#cite-IIIP54,[5] P54: The Mind strives to imagine only those things that posit its power of acting.,0,2,0,15
IIIP55,proposition,Part III,/nodes/IIIP55.html,/text/part0031.html#p-part0031-0099,"[15] P55: When the Mind imagines its own lack of power, it is saddened by it.",3,2,25,14
IIIP56,proposition,Part III,/nodes/IIIP56.html,/text/part0031.html#p-part0031-0110,"[15] P56: There are as many species of Joy, Sadness, and Desire, and consequently of each affect composed of these (like vacillation of mind) or derived from them (like Love, Hate, Hope, Fear, etc.), as there are species of objects by which we [20] are affecte",4,2,65,14
IIIP57,proposition,Part III,/nodes/IIIP57.html,/text/part0031.html#p-part0031-0119,P57: Each affect of each individual differs from the affect of another as much as the essence of the one from the essence of the other.37,1,2,0,9
IIIP58,proposition,Part III,/nodes/IIIP58.html,/text/part0031.html#p-part0031-0126,"[25] P58: Apart from the Joy and Desire that are passions, there are other affects of Joy and Desire that are related to us insofar as we act.",2,1,26,14
IIIP59,proposition,Part III,/nodes/IIIP59.html,/text/part0031.html#cite-IIIP59,"P59: Among all the affects that are related to the Mind insofar as it acts, [10] there are none that are not related to Joy or Desire.",17,1,118,13
IVD1,definition,Part IV,/nodes/IVD1.html,/text/part0031.html#cite-IVD1,D1: By good I shall understand what we certainly know to be useful to us.,0,3,0,42
IVD2,definition,Part IV,/nodes/IVD2.html,/text/part0031.html#cite-IVD2,"D2: By evil, however, I shall understand what we certainly know [15] prevents us from being masters of some good.",0,4,0,48
IVD3,definition,Part IV,/nodes/IVD3.html,/text/part0031.html#cite-IVD3,"D3: I call singular things contingent insofar as we find nothing, while we attend only to their essence, which necessarily posits their existence [20] or which necessarily excludes it.",0,2,0,4
IVD4,definition,Part IV,/nodes/IVD4.html,/text/part0031.html#cite-IVD4,"D4: I call the same singular things possible, insofar as, while we attend to the causes from which they must be produced, we do not know whether those causes are determined to produce them.",0,1,0,3
IVD5,definition,Part IV,/nodes/IVD5.html,/text/part0031.html#cite-IVD5,"D5: By opposite affects I shall understand, in what follows, those [II/210] which pull a man differently, although they are of the same genus—such as gluttony and greed, which are species of love, and are opposite, not by nature, but accidentally.",0,0,0,0
IVD6,definition,Part IV,/nodes/IVD6.html,/text/part0031.html#cite-IVD6,"D6: I have explained in IIIP18S1 and S2 what I shall understand by [5] an affect toward a future thing, a present one, and a past.",0,1,0,4
IVD7,definition,Part IV,/nodes/IVD7.html,/text/part0031.html#cite-IVD7,D7: By the end for the sake of which we do something I understand appetite.,0,0,0,0
IVD8,definition,Part IV,/nodes/IVD8.html,/text/part0031.html#cite-IVD8,"D8: By virtue and power I understand the same thing, i.e. (by IIIP7), [20] virtue, insofar as it is related to man, is the very essence, or nature, of man, insofar as he has the power of bringing about certain things, which can be understood through the laws o",0,6,0,21
IVA1,axiom,Part IV,/nodes/IVA1.html,/text/part0031.html#cite-IVA1,"[25] [A1:]5 There is no singular thing in nature than which there is not another more powerful and stronger. Whatever one is given, there is another more powerful by which the firs",0,1,0,15
IVP1,proposition,Part IV,/nodes/IVP1.html,/text/part0031.html#p-part0031-0265,[II/211] P1: Nothing positive which a false idea has is removed by the presence of the true insofar as it is true.,3,1,28,1
IVP2,proposition,Part IV,/nodes/IVP2.html,/text/part0031.html#p-part0031-0271,"[10] P2: We are acted on, insofar as we are a part of Nature, which cannot be conceived through itself, without the others.",2,0,2,0
IVP3,proposition,Part IV,/nodes/IVP3.html,/text/part0031.html#cite-IVP3,"P3: The force by which a man perseveres in existing is limited, and infinitely [20] surpassed by the power of external causes.",0,5,0,38
IVP4,proposition,Part IV,/nodes/IVP4.html,/text/part0031.html#cite-IVP4,"P4: It is impossible that a man should not be a part of Nature, and that he should be able to undergo no changes except those which can be understood [30] through his own nature alone, and of which he is the adequate cause.",5,1,29,9
IVP5,proposition,Part IV,/nodes/IVP5.html,/text/part0031.html#cite-IVP5,"[II/214] P5: The force and growth of any passion, and its perseverance in existing, are not defined by the power by which we strive to persevere in existing, but by [5] the power of an external cause compared with our own.",2,4,3,40
IVP6,proposition,Part IV,/nodes/IVP6.html,/text/part0031.html#cite-IVP6,"P6: The force of any passion, or affect, can surpass the other actions, or power, [15] of a man, so that the affect stubbornly clings to the man.",2,3,5,15
IVP7,proposition,Part IV,/nodes/IVP7.html,/text/part0031.html#cite-IVP7,"P7: An affect cannot be restrained or taken away except by an affect opposite to, and stronger than, the affect to be restrained.",5,4,10,14
IVP8,proposition,Part IV,/nodes/IVP8.html,/text/part0031.html#cite-IVP8,"[20] P8: The knowledge of good and evil is nothing but an affect of Joy or Sadness, insofar as we are conscious of it.",4,5,26,22
IVP9,proposition,Part IV,/nodes/IVP9.html,/text/part0031.html#cite-IVP9,[5] P9: An affect whose cause we imagine to be with us in the present is stronger than if we did not imagine it to be with us.,0,4,0,33
IVP10,proposition,Part IV,/nodes/IVP10.html,/text/part0031.html#cite-IVP10,"P10: We are affected more intensely toward a future thing which we imagine [5] will quickly be present, than if we imagined the time when it will exist to be further from the present. We are also affected more intensely by the memory of a thing we imagine to b",2,1,2,3
IVP11,proposition,Part IV,/nodes/IVP11.html,/text/part0031.html#cite-IVP11,"P11: An affect toward a thing we imagine as necessary is more intense, other things equal, than one toward a thing we imagine as possible or contingent, [25] or not necessary.",1,1,1,28
IVP12,proposition,Part IV,/nodes/IVP12.html,/text/part0031.html#cite-IVP12,"P12: An affect toward a thing which we know does not exist in the present, [5] and which we imagine as possible, is more intense, other things equal, than one toward a contingent thing.",4,2,5,2
IVP13,proposition,Part IV,/nodes/IVP13.html,/text/part0031.html#p-part0031-0308,"[II/219] P13: An affect toward a contingent thing which we know does not exist in the present is milder, other things equal, than an affect toward a past thing.",3,0,4,0
IVP14,proposition,Part IV,/nodes/IVP14.html,/text/part0031.html#cite-IVP14,"P14: No affect can be restrained by the true knowledge of good and evil insofar [20] as it is true, but only insofar as it is considered as an affect.9",3,0,51,0
IVP15,proposition,Part IV,/nodes/IVP15.html,/text/part0031.html#p-part0031-0313,[II/220] P15: A Desire which arises from a true knowledge of good and evil can be extinguished or restrained by many other Desires which arise from affects by which we are tormented.,4,1,30,3
IVP16,proposition,Part IV,/nodes/IVP16.html,/text/part0031.html#cite-IVP16,"P16: A Desire which arises from a true knowledge of good and evil, insofar as [25] this knowledge concerns the future, can be quite easily restrained or extinguished by a Desire for the pleasures of the moment.",1,1,25,2
IVP17,proposition,Part IV,/nodes/IVP17.html,/text/part0031.html#p-part0031-0318,"[5] P17: A Desire which arises from a true knowledge of good and evil, insofar as this concerns contingent things, can be restrained much more easily still by a Desire for things which are present.",0,1,0,9
IVP18,proposition,Part IV,/nodes/IVP18.html,/text/part0031.html#cite-IVP18,"P18: A Desire that arises from Joy is stronger, other things equal, than one that arises from Sadness.",1,2,1,10
IVP19,proposition,Part IV,/nodes/IVP19.html,/text/part0031.html#cite-IVP19,"P19: From the laws of his own nature, everyone necessarily wants, or is repelled by, what he judges to be good or evil.",1,1,21,13
IVP20,proposition,Part IV,/nodes/IVP20.html,/text/part0031.html#cite-IVP20,"P20: The more each one strives, and is able, to seek his own advantage, i.e., to preserve his being, the more he is endowed with virtue; conversely, insofar as each one neglects his own advantage, i.e., neglects to preserve his being, he [10] lacks power.",3,1,67,13
IVP21,proposition,Part IV,/nodes/IVP21.html,/text/part0031.html#cite-IVP21,"P21: No one can desire to be blessed, to act well and to live well, unless at the [5] same time he desires to be, to act, and to live, i.e., to actually exist.",0,1,0,2
IVP22,proposition,Part IV,/nodes/IVP22.html,/text/part0031.html#cite-IVP22,P22: No virtue can be conceived prior to this [virtue] (viz. the striving to [15] preserve oneself).,3,2,2,1
IVP23,proposition,Part IV,/nodes/IVP23.html,/text/part0031.html#cite-IVP23,"P23: A man cannot absolutely be said to act from virtue insofar as he is [30] determined to do something because he has inadequate ideas, but only insofar as he is determined because he understands.",2,1,2,11
IVP24,proposition,Part IV,/nodes/IVP24.html,/text/part0031.html#cite-IVP24,"P24: Acting absolutely from virtue is nothing else in us but acting, living, and preserving our being (these three signify the same thing) by the guidance [15] of reason, from the foundation of seeking one’s own advantage.",1,1,1,10
IVP25,proposition,Part IV,/nodes/IVP25.html,/text/part0031.html#cite-IVP25,P25: No one strives to preserve his being for the sake of anything else.,0,2,0,29
IVP26,proposition,Part IV,/nodes/IVP26.html,/text/part0031.html#cite-IVP26,"P26: What we strive for from reason is nothing but understanding; nor does [5] the Mind, insofar as it uses reason, judge anything else useful to itself except what leads to understanding.",2,3,2,28
IVP27,proposition,Part IV,/nodes/IVP27.html,/text/part0031.html#cite-IVP27,"[25] P27: We know nothing to be certainly good or evil, except what really leads to understanding or what can prevent us from understanding.",3,2,48,27
IVP28,proposition,Part IV,/nodes/IVP28.html,/text/part0031.html#cite-IVP28,P28: Knowledge of God is the Mind’s greatest good; its greatest virtue is to know God.,7,1,51,10
IVP29,proposition,Part IV,/nodes/IVP29.html,/text/part0031.html#cite-IVP29,"P29: Any singular thing whose nature is entirely different from ours can [25] neither aid nor restrain our power of acting, and absolutely, no thing can be either good or evil for us, unless it has something in common with us.",3,1,47,14
IVP30,proposition,Part IV,/nodes/IVP30.html,/text/part0032.html#cite-IVP30,"P30: No thing can be evil through what it has in common with our nature; but insofar as it is evil for us, it is contrary to us.",4,2,69,14
IVP31,proposition,Part IV,/nodes/IVP31.html,/text/part0032.html#cite-IVP31,"P31: Insofar as a thing agrees with our nature, it is necessarily good.",4,2,82,13
IVP32,proposition,Part IV,/nodes/IVP32.html,/text/part0032.html#p-part0032-0007,"[20] P32: Insofar as men are subject to passions, they cannot be said to agree in nature.",2,1,61,13
IVP33,proposition,Part IV,/nodes/IVP33.html,/text/part0032.html#cite-IVP33,P33: Men can disagree in nature insofar as they are torn by affects which are passions; and to that extent also one and the same man is changeable and inconstant.,4,2,66,13
IVP34,proposition,Part IV,/nodes/IVP34.html,/text/part0032.html#cite-IVP34,"P34: Insofar as men are torn by affects which are passions, they can be contrary to one another.",9,3,147,12
IVP35,proposition,Part IV,/nodes/IVP35.html,/text/part0032.html#cite-IVP35,"[30] P35: Only insofar as men live according to the guidance of reason, must they always agree in nature.",8,4,147,12
IVP36,proposition,Part IV,/nodes/IVP36.html,/text/part0032.html#p-part0032-0027,"[20] P36: The greatest good of those who seek virtue is common to all, and can be enjoyed by all equally.",7,1,160,9
IVP37,proposition,Part IV,/nodes/IVP37.html,/text/part0032.html#cite-IVP37,"P37: The good which everyone who seeks virtue wants for himself, he also desires for other men; and this Desire is greater as his knowledge of God is greater.",13,8,167,8
IVP38,proposition,Part IV,/nodes/IVP38.html,/text/part0032.html#cite-IVP38,"[5] P38: Whatever so disposes the human Body that it can be affected in a great many ways, or renders it capable of affecting external Bodies in a great many ways, is useful to man; the more it renders the Body capable of being affected in a great many ways, o",2,5,47,27
IVP39,proposition,Part IV,/nodes/IVP39.html,/text/part0032.html#cite-IVP39,"[20] P39: Those things are good which bring about the preservation of the proportion of motion and rest the human Body’s parts have to one another; on the other hand, those things are evil which bring it about that the parts of the human Body have a different ",1,2,41,2
IVP40,proposition,Part IV,/nodes/IVP40.html,/text/part0032.html#p-part0032-0059,"[II/241] P40: Things which are of assistance to the common Society of men, or which bring it about that men live harmoniously, are useful; those, on the other hand, are evil which bring discord to the State.",1,1,146,12
IVP41,proposition,Part IV,/nodes/IVP41.html,/text/part0032.html#cite-IVP41,"[10] P41: Joy is not directly evil, but good; Sadness, on the other hand, is directly evil.",2,5,40,27
IVP42,proposition,Part IV,/nodes/IVP42.html,/text/part0032.html#p-part0032-0064,"[20] P42: Cheerfulness cannot be excessive, but is always good; Melancholy, on the other hand, is always evil.",2,0,42,0
IVP43,proposition,Part IV,/nodes/IVP43.html,/text/part0032.html#cite-IVP43,"[5] P43: Pleasure can be excessive and evil, whereas Pain can be good insofar as the Pleasure, or Joy, is evil.",4,5,40,27
IVP44,proposition,Part IV,/nodes/IVP44.html,/text/part0032.html#p-part0032-0070,[25] P44: Love and Desire can be excessive.,1,1,32,1
IVP45,proposition,Part IV,/nodes/IVP45.html,/text/part0032.html#cite-IVP45,P45: Hate can never be good.,2,1,168,1
IVP46,proposition,Part IV,/nodes/IVP46.html,/text/part0032.html#cite-IVP46,"P46: He who lives according to the guidance of reason strives, as far as he can, to repay the other’s Hate, Anger, and Disdain toward him, with Love, or Nobility.",3,1,173,1
IVP47,proposition,Part IV,/nodes/IVP47.html,/text/part0032.html#p-part0032-0087,[30] P47: Affects of Hope and Fear cannot be good of themselves.,2,1,32,10
IVP48,proposition,Part IV,/nodes/IVP48.html,/text/part0032.html#cite-IVP48,P48: Affects of Overestimation and Scorn are always evil.,0,0,0,0
IVP49,proposition,Part IV,/nodes/IVP49.html,/text/part0032.html#p-part0032-0092,[25] P49: Overestimation easily makes the man who is overestimated proud.,2,0,68,0
IVP50,proposition,Part IV,/nodes/IVP50.html,/text/part0032.html#p-part0032-0094,"[II/247] P50: Pity, in a man who lives according to the guidance of reason, is evil of itself, and useless.25",3,1,168,1
IVP51,proposition,Part IV,/nodes/IVP51.html,/text/part0032.html#p-part0032-0102,"[II/248] P51: Favor is not contrary to reason, but can agree with it and arise from it.",2,0,169,0
IVP52,proposition,Part IV,/nodes/IVP52.html,/text/part0032.html#cite-IVP52,"P52: Self-esteem can arise from reason, and only that self-esteem which does [25] arise from reason is the greatest there can be.",4,1,36,1
IVP53,proposition,Part IV,/nodes/IVP53.html,/text/part0032.html#cite-IVP53,"P53: Humility is not a virtue, or does not arise from reason.",0,1,0,1
IVP54,proposition,Part IV,/nodes/IVP54.html,/text/part0032.html#p-part0032-0112,"[II/250] P54: Repentance is not a virtue, or does not arise from reason; instead, he who repents what he has done is twice wretched, or lacking in power.",1,0,1,0
IVP55,proposition,Part IV,/nodes/IVP55.html,/text/part0032.html#cite-IVP55,P55: Either very great Pride or very great Despondency is very great ignorance of oneself.,0,1,0,1
IVP56,proposition,Part IV,/nodes/IVP56.html,/text/part0032.html#cite-IVP56,P56: Either very great Pride or very great Despondency indicates very great weakness of mind.,3,0,29,0
IVP57,proposition,Part IV,/nodes/IVP57.html,/text/part0032.html#cite-IVP57,"P57: The proud man loves the presence of parasites, or flatterers, but hates the presence of the noble.",1,1,62,1
IVP58,proposition,Part IV,/nodes/IVP58.html,/text/part0032.html#cite-IVP58,"P58: Love of esteem is not contrary to reason, but can arise from it.",2,0,31,0
IVP59,proposition,Part IV,/nodes/IVP59.html,/text/part0032.html#cite-IVP59,"P59: To every action to which we are determined from an affect which is a passion, we can be determined by reason, without that affect.",2,1,32,6
IVP60,proposition,Part IV,/nodes/IVP60.html,/text/part0032.html#cite-IVP60,"P60: A Desire arising from either a Joy or a Sadness related to one, or several, [30] but not to all parts of the Body, has no regard for the advantage of the whole man.",2,1,6,1
IVP61,proposition,Part IV,/nodes/IVP61.html,/text/part0032.html#p-part0032-0147,[20] P61: A Desire that arises from reason cannot be excessive.,0,1,0,5
IVP62,proposition,Part IV,/nodes/IVP62.html,/text/part0032.html#p-part0032-0149,"[II/257] P62: Insofar as the Mind conceives things from the dictate of reason, it is affected equally, whether the idea is of a future or past thing, or of a present one.",4,1,74,1
IVP63,proposition,Part IV,/nodes/IVP63.html,/text/part0032.html#cite-IVP63,"[5] P63: He who is guided by Fear, and does good to avoid evil, is not guided by reason.",1,3,1,4
IVP64,proposition,Part IV,/nodes/IVP64.html,/text/part0032.html#p-part0032-0159,[5] P64: Knowledge of evil is an inadequate knowledge.,1,1,34,1
IVP65,proposition,Part IV,/nodes/IVP65.html,/text/part0032.html#cite-IVP65,"P65: From the guidance of reason, we shall follow the greater of two goods or [20] the lesser of two evils.",1,1,2,1
IVP66,proposition,Part IV,/nodes/IVP66.html,/text/part0032.html#cite-IVP66,"P66: From the guidance of reason we want a greater future good in preference [5] to a lesser present one, and a lesser present evil in preference to a greater future one.",3,1,77,0
IVP67,proposition,Part IV,/nodes/IVP67.html,/text/part0032.html#p-part0032-0170,"[II/261] P67: A free man thinks of nothing less than of death, and his wisdom is a meditation on life, not on death.34",1,0,2,0
IVP68,proposition,Part IV,/nodes/IVP68.html,/text/part0032.html#cite-IVP68,"P68: If men were born free, they would form no concept of good and evil so long as they remained free.",2,0,173,0
IVP69,proposition,Part IV,/nodes/IVP69.html,/text/part0032.html#p-part0032-0176,[10] P69: The virtue of a free man is seen to be as great in avoiding dangers as in overcoming them.,0,0,0,0
IVP70,proposition,Part IV,/nodes/IVP70.html,/text/part0032.html#cite-IVP70,"P70: A free man who lives among the ignorant strives, as far as he can, to avoid their favors.",2,1,172,1
IVP71,proposition,Part IV,/nodes/IVP71.html,/text/part0032.html#cite-IVP71,P71: Only free men are very thankful to one another.,2,1,168,1
IVP72,proposition,Part IV,/nodes/IVP72.html,/text/part0032.html#p-part0032-0188,"[10] P72: A free man always acts honestly, not deceptively.",0,0,0,0
IVP73,proposition,Part IV,/nodes/IVP73.html,/text/part0032.html#p-part0032-0192,"[30] P73: A man who is guided by reason is more free in a state, where he lives according to a common decision, than in solitude, where he obeys only himself.",11,1,190,0
VA1,axiom,Part V,/nodes/VA1.html,/text/part0032.html#cite-VA1,"A1: If two contrary actions are aroused in the same subject, a change will have to occur, either in both of them, or in one only, until they cease to be contrary.",0,1,0,5
VA2,axiom,Part V,/nodes/VA2.html,/text/part0032.html#cite-VA2,"[5] A2: The power of an effect is defined by the power of its cause, insofar as its essence is explained or defined by the essence of its cause.",0,1,0,7
VP1,proposition,Part V,/nodes/VP1.html,/text/part0032.html#p-part0032-0249,"[10] P1: In just the same way as thoughts and ideas of things are ordered and connected in the Mind, so the affections of the body, or images of things are ordered and connected in the body.",5,1,14,3
VP2,proposition,Part V,/nodes/VP2.html,/text/part0032.html#cite-VP2,"P2: If we separate emotions, or affects,8 from the thought of an external cause, [25] and join them to other thoughts, then the Love, or Hate, toward the external cause is destroyed, as are the vacillations of mind arising from these affects.",0,2,0,6
VP3,proposition,Part V,/nodes/VP3.html,/text/part0032.html#cite-VP3,P3: An affect which is a passion ceases to be a passion as soon as we form a clear and distinct idea of it.,2,3,5,3
VP4,proposition,Part V,/nodes/VP4.html,/text/part0032.html#cite-VP4,[20] P4: There is no affection of the Body of which we cannot form a clear and distinct concept.,7,2,79,5
VP5,proposition,Part V,/nodes/VP5.html,/text/part0032.html#p-part0032-0263,"[5] P5: The greatest affect of all, other things equal, is one toward a thing we imagine simply, and neither as necessary, nor as possible, nor as contingent.",1,1,28,4
VP6,proposition,Part V,/nodes/VP6.html,/text/part0032.html#p-part0032-0265,"[20] P6: Insofar as the Mind understands all things as necessary, it has a greater power over the affects, or is less acted on by them.",4,1,40,3
VP7,proposition,Part V,/nodes/VP7.html,/text/part0032.html#cite-VP7,"P7: Affects that arise from, or are aroused by, reason are, if we take account [15] of time, more powerful than those that are related to singular things which we regard as absent.",2,3,8,4
VP8,proposition,Part V,/nodes/VP8.html,/text/part0032.html#cite-VP8,"P8: The more an affect arises from a number of causes concurring together, the [5] greater it is.",1,2,1,6
VP9,proposition,Part V,/nodes/VP9.html,/text/part0032.html#cite-VP9,"P9: If an affect is related to more and different causes which the Mind considers [15] together with the affect itself, it is less harmful, we are less acted on by it, and we are affected less toward each cause, than is the case with another, equally great aff",1,1,3,1
VP10,proposition,Part V,/nodes/VP10.html,/text/part0032.html#cite-VP10,"P10: So long as we are not torn by affects contrary to our nature, we have [5] the power of ordering and connecting the affections of the Body according to the order of the intellect.",4,2,58,2
VP11,proposition,Part V,/nodes/VP11.html,/text/part0032.html#cite-VP11,"[15] P11: As an image is related to more things, the more frequent it is, or the more often it flourishes, and the more it engages the Mind.",1,3,2,4
VP12,proposition,Part V,/nodes/VP12.html,/text/part0032.html#cite-VP12,P12: The images of things are more easily joined to images related to things [25] we understand clearly and distinctly than to other images.,1,1,3,1
VP13,proposition,Part V,/nodes/VP13.html,/text/part0032.html#cite-VP13,"P13: The more an image is joined with other images, the more often it flourishes.",0,1,0,1
VP14,proposition,Part V,/nodes/VP14.html,/text/part0032.html#cite-VP14,"P14: The Mind can bring it about that all the Body’s affections, or images of [10] things, are related to the idea of God.",1,4,78,4
VP15,proposition,Part V,/nodes/VP15.html,/text/part0032.html#cite-VP15,"P15: He who understands himself and his affects clearly and distinctly loves God, and does so the more, the more he understands himself and his affects.",1,3,71,3
VP16,proposition,Part V,/nodes/VP16.html,/text/part0032.html#cite-VP16,[25] P16: This Love toward God must engage the Mind most.,3,2,75,2
VP17,proposition,Part V,/nodes/VP17.html,/text/part0032.html#p-part0032-0299,"[5] P17: God is without passions, and is not affected with any affect of Joy or Sadness.",2,1,1,0
VP18,proposition,Part V,/nodes/VP18.html,/text/part0032.html#p-part0032-0303,[20] P18: No one can hate God.,2,1,13,1
VP19,proposition,Part V,/nodes/VP19.html,/text/part0032.html#cite-VP19,P19: He who loves God cannot strive that God should love him in return.,1,0,63,0
VP20,proposition,Part V,/nodes/VP20.html,/text/part0032.html#p-part0032-0309,"[15] P20: This Love toward God cannot be tainted by an affect of Envy or Jealousy: instead, the more men we imagine to be joined to God by the same bond of Love, the more it is encouraged.",15,0,149,0
VP21,proposition,Part V,/nodes/VP21.html,/text/part0032.html#cite-VP21,"[25] P21: The Mind can neither imagine anything, nor recollect past things, except while the Body endures.",2,6,3,18
VP22,proposition,Part V,/nodes/VP22.html,/text/part0032.html#cite-VP22,"P22: Nevertheless, in God there is necessarily an idea that expresses the essence [5] of this or that human Body, under a species of eternity.",4,1,34,16
VP23,proposition,Part V,/nodes/VP23.html,/text/part0032.html#cite-VP23,"P23: The human Mind cannot be absolutely destroyed with the Body, but [15] something of it remains which is eternal.",2,4,45,15
VP24,proposition,Part V,/nodes/VP24.html,/text/part0032.html#cite-VP24,"P24: The more we understand singular things, the more we understand God.15",0,3,0,10
VP25,proposition,Part V,/nodes/VP25.html,/text/part0032.html#cite-VP25,"P25: The greatest striving of the Mind, and its greatest virtue is understanding things by the third kind of knowledge.",1,1,1,8
VP26,proposition,Part V,/nodes/VP26.html,/text/part0032.html#p-part0032-0335,"[II/297] P26: The more the Mind is capable of understanding things by the third kind of knowledge, the more it desires to understand them by this kind of knowledge.",0,0,0,0
VP27,proposition,Part V,/nodes/VP27.html,/text/part0032.html#cite-VP27,P27: The greatest satisfaction of Mind there can be arises from this third kind of knowledge.,2,4,2,7
VP28,proposition,Part V,/nodes/VP28.html,/text/part0032.html#p-part0032-0339,"[25] P28: The Striving, or Desire, to know things by the third kind of knowledge cannot arise from the first kind of knowledge, but can indeed arise from the second.",0,0,0,0
VP29,proposition,Part V,/nodes/VP29.html,/text/part0032.html#cite-VP29,"[10] P29: Whatever the Mind understands under a species of eternity, it understands not from the fact that it conceives the Body’s present actual existence, but from the fact that it conceives the Body’s essence under a species of eternity.",3,5,51,14
VP30,proposition,Part V,/nodes/VP30.html,/text/part0032.html#cite-VP30,"[5] P30: Insofar as our Mind knows itself and the Body under a species of eternity, it necessarily has knowledge of God, and knows that it is in God and is conceived through God.",0,2,0,13
VP31,proposition,Part V,/nodes/VP31.html,/text/part0032.html#cite-VP31,"P31: The third kind of knowledge depends on the Mind, as on a formal cause, insofar as the Mind itself is eternal.",4,1,53,10
VP32,proposition,Part V,/nodes/VP32.html,/text/part0032.html#cite-VP32,"P32: Whatever we understand by the third kind of knowledge we take pleasure in, and our pleasure is accompanied by the idea of God as a cause.",4,3,55,2
VP33,proposition,Part V,/nodes/VP33.html,/text/part0032.html#cite-VP33,"P33: The intellectual Love of God, which arises from the third kind of knowledge, [30] is eternal.",3,3,54,9
VP34,proposition,Part V,/nodes/VP34.html,/text/part0032.html#p-part0032-0357,[15] P34: Only while the Body endures is the Mind subject to affects which are related to the passions.,1,0,4,0
VP35,proposition,Part V,/nodes/VP35.html,/text/part0032.html#cite-VP35,P35: God loves himself with an infinite intellectual Love.,3,1,19,2
VP36,proposition,Part V,/nodes/VP36.html,/text/part0032.html#cite-VP36,"P36: The Mind’s intellectual Love of God is the very Love of God by which God loves himself, not insofar as he is infinite, but insofar as he can be explained [15] by the human Mind’s essence, considered under a species of eternity; i.e., the Mind’s intellectu",3,1,58,1
VP37,proposition,Part V,/nodes/VP37.html,/text/part0032.html#cite-VP37,"P37: There is nothing in nature which is contrary to this intellectual, Love, or which can take it away.",2,2,55,8
VP38,proposition,Part V,/nodes/VP38.html,/text/part0032.html#cite-VP38,"P38: The more the Mind understands things by the second and third kind of [10] knowledge, the less it is acted on by affects which are evil, and the less it fears death.",5,2,60,2
VP39,proposition,Part V,/nodes/VP39.html,/text/part0032.html#cite-VP39,P39: He who has a Body capable of a great many things has a Mind whose greatest part is eternal.,6,0,108,0
VP40,proposition,Part V,/nodes/VP40.html,/text/part0032.html#p-part0032-0381,"[II/306] P40: The more perfection each thing has, the more it acts and the less it is acted on; and conversely, the more it acts, the more perfect it is.",5,1,53,0
VP41,proposition,Part V,/nodes/VP41.html,/text/part0032.html#p-part0032-0386,"[25] P41: Even if we did not know that our Mind is eternal, we would still regard as of the first importance Morality, Religion, and absolutely all the things we have shown (in Part IV) to be related to Tenacity and Nobility.",1,0,1,0
VP42,proposition,Part V,/nodes/VP42.html,/text/part0032.html#cite-VP42,"P42: Blessedness is not the reward of virtue, but virtue itself; nor do we enjoy it because we restrain our lusts; on the contrary, because we enjoy it, we are able to restrain them.",4,0,66,0
IIIPOST1,proposition,Other,/nodes/IIIPOST1.html,/text/part0030.html#cite-IIIPOST1,"Post. 1: The human Body can be affected in many ways in which its power of acting is increased or diminished, and also in others which render its power of acting neither greater no",0,0,0,0
IIIPOST2,proposition,Other,/nodes/IIIPOST2.html,/text/part0030.html#cite-IIIPOST2,"Post. 2: The human Body can undergo many changes, and nevertheless [II/140] retain impressions, or traces, of the objects (on this see IIPost. 5), and consequently, the same images",0,0,0,0
